5403,0.0,0.0,0.4117647058823529,0.43220338983050854,-1.1941785618001068,-1.6968723461103423,3.1222630417542074,0.0,-0.9093477985409372,0.0,1
5171,0.0,0.0,0.2941176470588235,0.2627118644067796,-0.0911224738051659,-0.0883662896012864,-0.361050281489052,2.0,-0.34789397840272934,1.0,0
4174,1.0,0.0,0.4117647058823529,0.3813559322033898,-0.0911224738051659,-0.0883662896012864,-0.3610502704585801,0.0,-0.9388979996008429,0.0,1
8834,0.0,1.0,0.23529411764705876,0.22033898305084743,0.9868314986303708,0.9867588788973285,-0.361050281489052,2.0,1.6615196936708565,2.0,0
7591,0.0,0.0,0.0,0.016949152542372947,-1.1941785618001068,-1.2113691208958397,2.3265922358333446,0.0,-0.9191978655609057,0.0,1
4030,0.0,1.0,0.7058823529411765,0.6864406779661016,-1.1941785618001068,-1.6968723461103423,2.3265922358333446,0.0,-0.9191978655609057,0.0,1
4823,1.0,0.0,0.8823529411764705,0.8983050847457628,-1.1941785618001068,-1.6968723461103423,2.3265922358333446,0.0,-0.8994977315209686,0.0,1
14178,0.0,1.0,0.823529411764706,0.847457627118644,-0.0911224738051659,-0.0883662896012864,-0.361050281489052,2.0,1.3758677500917682,1.0,0
7229,0.0,1.0,0.823529411764706,0.847457627118644,-1.1941785618001068,-1.6968723461103423,-0.35809171854006194,1.0,-0.889647664501,0.0,1
17261,0.0,1.0,0.05882352941176472,0.0423728813559322,-1.1941785618001068,-1.2113691208958397,-0.361050281489052,2.0,1.336467482011894,1.0,0
3943,1.0,0.0,0.47058823529411764,0.48305084745762716,-1.1941785618001068,-1.6968723461103423,3.1222630417542074,0.0,-0.9093477985409372,0.0,1
3898,0.0,0.0,0.17647058823529405,0.19491525423728817,-1.1941785618001068,-1.2113691208958397,2.3265922358333446,0.0,-0.8994977315209686,0.0,1
9663,0.0,1.0,0.7058823529411765,0.6864406779661016,-0.0911224738051659,-0.0883662896012864,-0.361050281489052,2.0,1.9274715032100076,1.0,0
3841,0.0,0.0,0.823529411764706,0.847457627118644,-0.0911224738051659,-0.0883662896012864,-0.361050281489052,0.0,-0.9684482006607484,0.0,1
12395,0.0,0.0,0.05882352941176472,0.0423728813559322,-1.7041713906771967,-1.2113691208958397,-0.361050281489052,2.0,0.11505917153579288,1.0,0
6442,1.0,0.0,0.7647058823529412,0.7372881355932204,0.9868314986303708,0.9867588788973285,-0.361050281489052,2.0,0.40071111511488106,1.0,0
14388,0.0,1.0,0.7058823529411765,0.6864406779661016,-0.0911224738051659,-0.0883662896012864,-0.361050281489052,2.0,-0.09179223588354683,1.0,0
10919,0.0,1.0,0.8823529411764705,0.8728813559322035,0.9868314986303708,0.9867588788973285,-0.361050281489052,2.0,1.3167673479719568,2.0,0
10262,0.0,1.0,0.823529411764706,0.8220338983050848,0.9868314986303708,0.9867588788973285,-0.361050281489052,2.0,2.065372441489567,1.0,0
6297,1.0,0.0,0.05882352941176472,0.06779661016949157,-1.7041713906771967,-1.2113691208958397,-0.361050281489052,0.0,-0.95859813364078,0.0,1
4174,1.0,0.0,0.4117647058823529,0.4067796610169492,-0.0911224738051659,-0.0883662896012864,-0.3610502704585801,0.0,-0.9388979996008429,0.0,1
8907,0.0,0.0,0.8823529411764705,0.8983050847457628,0.9868314986303708,0.9867588788973285,-0.361050281489052,2.0,0.7454634608137806,1.0,0
5403,0.0,0.0,0.2941176470588235,0.2796610169491526,-1.1941785618001068,-1.6968723461103423,3.1222630417542074,0.0,-0.9093477985409372,0.0,1
10844,0.0,1.0,0.823529411764706,0.8220338983050848,-0.0911224738051659,-0.0883662896012864,-0.361050281489052,2.0,0.7750136618736863,1.0,0
7933,0.0,0.0,0.7647058823529412,0.7796610169491525,0.9868314986303708,0.9867588788973285,-0.361050281489052,2.0,0.17415957365560422,1.0,0
15190,0.0,1.0,0.8823529411764705,0.8728813559322035,0.9868314986303708,0.9867588788973285,-0.361050281489052,2.0,0.16430950663563568,1.0,0
10441,0.0,0.0,0.5882352941176471,0.5847457627118644,0.9868314986303708,0.9867588788973285,-0.361050281489052,2.0,2.765958458284831,2.0,0
7229,0.0,1.0,0.4117647058823529,0.43220338983050854,-1.1941785618001068,-1.6968723461103423,2.3265922358333446,0.0,-0.8994977315209686,0.0,1
9021,0.0,0.0,0.5882352941176471,0.5847457627118644,0.9868314986303708,0.9867588788973285,-0.361050281489052,2.0,-0.3281938443627922,1.0,0
4823,1.0,0.0,0.5294117647058824,0.5169491525423728,-1.1941785618001068,-1.6968723461103423,-0.35809171854006194,1.0,-0.889647664501,0.0,1
3597,1.0,0.0,0.7058823529411765,0.7118644067796611,-1.7041713906771967,-1.2113691208958397,-0.361050281489052,0.0,-0.9684482006607484,0.0,1
13261,0.0,0.0,0.17647058823529405,0.14406779661016955,-1.1941785618001068,-1.2113691208958397,-0.361050281489052,2.0,-0.3872942464826036,2.0,0
6386,1.0,0.0,0.823529411764706,0.8220338983050848,0.9868314986303708,0.9867588788973285,-0.361050281489052,1.0,-0.5645954528420376,1.0,0
10844,0.0,1.0,0.6470588235294118,0.6355932203389831,-0.0911224738051659,-0.0883662896012864,-0.361050281489052,2.0,2.025972173409693,1.0,0
12475,0.0,0.0,0.0,0.0,-1.7041713906771967,-1.2113691208958397,-0.361050281489052,0.0,-1.0866490049003712,0.0,1
14714,0.0,1.0,0.823529411764706,0.7966101694915255,0.9868314986303708,0.9867588788973285,-0.361050281489052,2.0,0.046108702396012974,1.0,0
5162,0.0,0.0,0.2941176470588235,0.2627118644067796,-0.0911224738051659,-0.0883662896012864,-0.361050281489052,1.0,-0.8108471283412516,1.0,0
5608,0.0,1.0,0.823529411764706,0.847457627118644,-0.0911224738051659,-0.0883662896012864,-0.361050281489052,2.0,-0.3872942464826036,1.0,0
8529,0.0,1.0,0.8823529411764705,0.8728813559322035,-0.0911224738051659,-0.0883662896012864,-0.361050281489052,2.0,0.7750136618736863,1.0,0
4414,0.0,0.0,0.23529411764705876,0.22033898305084743,0.9868314986303708,0.9867588788973285,-0.361050281489052,1.0,-0.7123464581415659,1.0,0
11148,0.0,0.0,0.5294117647058824,0.5169491525423728,-0.0911224738051659,-0.0883662896012864,-0.361050281489052,2.0,1.494068554331391,2.0,0
5048,0.0,0.0,0.4117647058823529,0.4067796610169492,-1.1941785618001068,-1.6968723461103423,2.3265922358333446,0.0,-0.8994977315209686,0.0,1
4423,0.0,0.0,0.5882352941176471,0.6101694915254237,-1.1941785618001068,-1.6968723461103423,3.1222630417542074,0.0,-0.9093477985409372,0.0,1
14714,0.0,1.0,0.823529411764706,0.8220338983050848,0.9868314986303708,0.9867588788973285,-0.361050281489052,2.0,1.5039186213513596,1.0,0
10368,0.0,1.0,0.7647058823529412,0.7796610169491525,0.9868314986303708,0.9867588788973285,-0.361050281489052,2.0,0.3514607800150383,2.0,0
14231,0.0,1.0,0.17647058823529405,0.19491525423728817,-0.0911224738051659,-0.0883662896012864,-0.361050281489052,2.0,-0.08194216886357827,1.0,0
6478,0.0,1.0,0.9999999999999999,0.9745762711864407,-1.1941785618001068,-1.6968723461103423,-0.3610502704585801,1.0,-0.8797975974810315,0.0,1
7229,0.0,1.0,0.5882352941176471,0.6101694915254237,-1.1941785618001068,-1.6968723461103423,-0.35809171854006194,1.0,-0.889647664501,0.0,1
13994,0.0,1.0,0.823529411764706,0.847457627118644,-0.0911224738051659,-0.0883662896012864,-0.361050281489052,2.0,0.11505917153579288,1.0,0
13731,0.0,1.0,0.823529411764706,0.847457627118644,-0.0911224738051659,-0.0883662896012864,-0.361050281489052,2.0,1.1493162086324915,1.0,0
3943,1.0,0.0,0.823529411764706,0.8220338983050848,-1.1941785618001068,-1.6968723461103423,3.1222630417542074,0.0,-0.9093477985409372,0.0,1
13377,0.0,0.0,0.9999999999999999,0.9745762711864407,0.9868314986303708,0.9867588788973285,-0.361050281489052,2.0,0.23325997577541557,1.0,0
7618,0.0,0.0,0.9999999999999999,0.9745762711864407,0.9868314986303708,0.9867588788973285,-0.361050281489052,2.0,0.2923603778952269,1.0,0
8586,0.0,1.0,0.5882352941176471,0.5847457627118644,-0.0911224738051659,-0.0883662896012864,-0.361050281489052,2.0,1.1493162086324915,1.0,0
14714,0.0,1.0,0.823529411764706,0.7966101694915255,0.9868314986303708,0.9867588788973285,-0.361050281489052,2.0,2.065372441489567,1.0,0
10262,0.0,1.0,0.7647058823529412,0.7796610169491525,0.9868314986303708,0.9867588788973285,-0.361050281489052,2.0,-0.04254190078370405,1.0,0
4174,1.0,0.0,0.4117647058823529,0.3813559322033898,-0.0911224738051659,-0.0883662896012864,-0.3610502704585801,0.0,-0.9388979996008429,0.0,1
4668,0.0,0.0,0.5294117647058824,0.5169491525423728,-1.1941785618001068,-1.6968723461103423,3.1222630417542074,0.0,-0.9093477985409372,0.0,1
10262,0.0,1.0,0.8823529411764705,0.8983050847457628,0.9868314986303708,0.9867588788973285,-0.361050281489052,2.0,0.38101098107494397,1.0,0
6582,1.0,0.0,0.9999999999999999,1.0,0.9868314986303708,0.9867588788973285,-0.361050281489052,1.0,-0.623695854961849,1.0,0
6838,0.0,0.0,0.17647058823529405,0.1694915254237288,0.9868314986303708,0.9867588788973285,-0.361050281489052,1.0,-0.46609478264235205,1.0,0
7174,0.0,0.0,0.9999999999999999,0.9745762711864407,0.9868314986303708,0.9867588788973285,-0.361050281489052,1.0,-0.6138457879418804,1.0,0
17024,0.0,1.0,0.05882352941176472,0.0423728813559322,0.9868314986303708,0.9867588788973285,-0.361050281489052,2.0,1.848670967050259,1.0,0
10539,0.0,1.0,0.823529411764706,0.8220338983050848,-0.0911224738051659,-0.0883662896012864,-0.361050281489052,2.0,-0.24939330820304376,1.0,0
9794,0.0,0.0,0.5882352941176471,0.5847457627118644,0.9868314986303708,0.9867588788973285,-0.361050281489052,2.0,-0.03269183376373549,1.0,0
11753,0.0,0.0,0.9999999999999999,0.9745762711864407,0.9868314986303708,0.9867588788973285,-0.361050281489052,2.0,-0.25924337522301233,2.0,0
13879,0.0,0.0,0.7647058823529412,0.7372881355932204,0.9868314986303708,0.9867588788973285,-0.361050281489052,2.0,0.4598115172346924,2.0,0
14871,1.0,0.0,0.0,0.016949152542372947,0.9868314986303708,0.9867588788973285,-0.361050281489052,2.0,-0.29864364330288656,1.0,0
9443,0.0,0.0,0.9999999999999999,0.9745762711864407,0.9868314986303708,0.9867588788973285,-0.361050281489052,2.0,1.5334688224112651,2.0,0
4049,1.0,0.0,0.7647058823529412,0.7372881355932204,-1.7041713906771967,-1.2113691208958397,-0.361050281489052,0.0,-1.066948870860434,0.0,1
3210,0.0,1.0,0.5882352941176471,0.5593220338983051,-1.7041713906771967,-1.2113691208958397,-0.361050281489052,0.0,-1.0767989378804026,0.0,1
12725,0.0,0.0,0.11764705882352944,0.09322033898305082,-1.1941785618001068,-1.2113691208958397,-0.361050281489052,2.0,2.3017740499688126,2.0,0
4148,1.0,0.0,0.11764705882352944,0.11864406779661019,-0.0911224738051659,-0.0883662896012864,2.3265922358333446,0.0,-0.9191978655609057,0.0,1
4823,1.0,0.0,0.9999999999999999,0.9745762711864407,-1.1941785618001068,-1.6968723461103423,-0.3610502704585801,1.0,-0.8797975974810315,0.0,1
16289,0.0,1.0,0.7058823529411765,0.6864406779661016,0.9868314986303708,0.9867588788973285,-0.361050281489052,1.0,-0.5941456539019433,1.0,0
3807,0.0,0.0,0.9999999999999999,1.0,-0.0911224738051659,-0.0883662896012864,-0.361050281489052,0.0,-0.9487480666208113,0.0,1
7480,0.0,0.0,0.823529411764706,0.7966101694915255,0.9868314986303708,0.9867588788973285,-0.361050281489052,2.0,0.26281017683532126,1.0,0
14151,0.0,1.0,0.7058823529411765,0.7118644067796611,-0.0911224738051659,-0.0883662896012864,-0.361050281489052,2.0,1.671369760690825,1.0,0
3850,1.0,0.0,0.9999999999999999,1.0,-1.7041713906771967,-1.2113691208958397,-0.361050281489052,0.0,-0.9684482006607484,0.0,1
6412,1.0,0.0,0.6470588235294118,0.6355932203389831,0.9868314986303708,0.9867588788973285,-0.361050281489052,1.0,-0.4956449837022577,1.0,0
15129,0.0,1.0,0.5882352941176471,0.5847457627118644,0.9868314986303708,0.9867588788973285,-0.361050281489052,2.0,-0.14104257098338963,2.0,0
8576,0.0,0.0,0.6470588235294118,0.6610169491525424,-0.0911224738051659,-0.0883662896012864,-0.361050281489052,2.0,-0.1705927720432953,1.0,0
14848,0.0,0.0,0.9999999999999999,1.0,0.9868314986303708,0.9867588788973285,-0.361050281489052,2.0,-0.3281938443627922,1.0,0
10031,0.0,1.0,0.17647058823529405,0.19491525423728817,-0.0911224738051659,-0.0883662896012864,-0.361050281489052,2.0,1.15916627565246,1.0,0
4174,1.0,0.0,0.2941176470588235,0.2796610169491526,-0.0911224738051659,-0.0883662896012864,-0.3610502704585801,0.0,-0.9388979996008429,0.0,1
7801,0.0,0.0,0.05882352941176472,0.06779661016949157,-1.1941785618001068,-1.2113691208958397,2.3265922358333446,0.0,-0.9191978655609057,0.0,1
3925,0.0,0.0,0.17647058823529405,0.19491525423728817,-1.1941785618001068,-1.2113691208958397,2.3265922358333446,0.0,-0.8994977315209686,0.0,1
12681,0.0,1.0,0.2941176470588235,0.2627118644067796,-0.0911224738051659,-0.0883662896012864,-0.361050281489052,2.0,1.5137686883713282,1.0,0
3573,0.0,0.0,0.7647058823529412,0.7796610169491525,-1.1941785618001068,-1.6968723461103423,2.3265922358333446,0.0,-0.8994977315209686,0.0,1
10262,0.0,1.0,0.823529411764706,0.847457627118644,0.9868314986303708,0.9867588788973285,-0.361050281489052,1.0,-0.5842955868819747,1.0,0
10262,0.0,1.0,0.823529411764706,0.7966101694915255,0.9868314986303708,0.9867588788973285,-0.361050281489052,2.0,0.4598115172346924,1.0,0
3687,0.0,0.0,0.5882352941176471,0.5847457627118644,-1.7041713906771967,-1.2113691208958397,-0.361050281489052,0.0,-0.978298267680717,0.0,1
9709,1.0,0.0,0.17647058823529405,0.1694915254237288,0.9868314986303708,0.9867588788973285,-0.361050281489052,2.0,-0.40699438052254067,1.0,0
13377,0.0,0.0,0.8823529411764705,0.8983050847457628,0.9868314986303708,0.9867588788973285,-0.361050281489052,2.0,0.23325997577541557,1.0,0
13082,0.0,1.0,0.17647058823529405,0.1694915254237288,0.9868314986303708,0.9867588788973285,-0.361050281489052,2.0,2.765958458284831,2.0,0
4778,1.0,0.0,0.0,0.0,-0.0911224738051659,-0.0883662896012864,2.3265922358333446,0.0,-0.9191978655609057,0.0,1
13941,0.0,1.0,0.5882352941176471,0.5847457627118644,-0.0911224738051659,-0.0883662896012864,-0.361050281489052,2.0,0.6174125895541893,1.0,0
11467,0.0,1.0,0.5882352941176471,0.5593220338983051,-0.0911224738051659,-0.0883662896012864,-0.361050281489052,2.0,2.1934233127491587,1.0,0
8372,0.0,0.0,0.823529411764706,0.847457627118644,0.9868314986303708,0.9867588788973285,-0.361050281489052,2.0,1.3857178171117368,1.0,0
15078,0.0,0.0,0.5882352941176471,0.5847457627118644,0.9868314986303708,0.9867588788973285,-0.361050281489052,2.0,-0.29864364330288656,1.0,0
7202,0.0,1.0,0.7058823529411765,0.6864406779661016,0.9868314986303708,0.9867588788973285,-0.361050281489052,1.0,-0.8600974634410944,0.0,1
6451,0.0,0.0,0.6470588235294118,0.6355932203389831,0.9868314986303708,0.9867588788973285,-0.361050281489052,1.0,-0.5941456539019433,1.0,0
5065,1.0,0.0,0.47058823529411764,0.4576271186440678,0.9868314986303708,0.9867588788973285,-0.361050281489052,1.0,-0.6532460560217547,1.0,0
4030,0.0,1.0,0.6470588235294118,0.6355932203389831,-1.1941785618001068,-1.6968723461103423,2.3265922358333446,0.0,-0.8994977315209686,0.0,1
8366,0.0,0.0,0.8823529411764705,0.8728813559322035,-0.0911224738051659,-0.0883662896012864,-0.361050281489052,2.0,0.5386120533944408,1.0,0
14067,0.0,0.0,0.7058823529411765,0.7118644067796611,0.9868314986303708,0.9867588788973285,-0.361050281489052,2.0,-0.29864364330288656,1.0,0
5769,0.0,1.0,0.9999999999999999,0.9745762711864407,-1.1941785618001068,-1.6968723461103423,-0.35809171854006194,1.0,-0.889647664501,0.0,1
6961,0.0,0.0,0.823529411764706,0.8220338983050848,-1.1941785618001068,-1.6968723461103423,2.3265922358333446,0.0,-0.9191978655609057,0.0,1
3943,1.0,0.0,0.6470588235294118,0.6610169491525424,-1.1941785618001068,-1.6968723461103423,3.1222630417542074,0.0,-0.9093477985409372,0.0,1
5583,0.0,0.0,0.823529411764706,0.8220338983050848,0.9868314986303708,0.9867588788973285,-0.361050281489052,1.0,-0.4956449837022577,1.0,0
10262,0.0,1.0,0.9999999999999999,0.9745762711864407,0.9868314986303708,0.9867588788973285,-0.361050281489052,2.0,0.9326147341931832,1.0,0
4804,1.0,0.0,0.6470588235294118,0.6610169491525424,-0.0911224738051659,-0.0883662896012864,-0.3610502704585801,0.0,-0.9388979996008429,0.0,1
8907,0.0,0.0,0.7647058823529412,0.7372881355932204,0.9868314986303708,0.9867588788973285,-0.361050281489052,2.0,-0.12134243694345251,1.0,0
6795,1.0,0.0,0.0,0.016949152542372947,-1.7041713906771967,-1.2113691208958397,-0.361050281489052,0.0,-1.066948870860434,0.0,1
15135,0.0,0.0,0.0,0.016949152542372947,0.9868314986303708,0.9867588788973285,-0.361050281489052,2.0,-0.288793576282918,1.0,0
12681,0.0,1.0,0.2941176470588235,0.2627118644067796,-0.0911224738051659,-0.0883662896012864,-0.361050281489052,2.0,1.2872171469120512,1.0,0
3873,0.0,0.0,0.7647058823529412,0.7796610169491525,-0.0911224738051659,-0.0883662896012864,-0.3610502704585801,0.0,-0.9388979996008429,0.0,1
14388,0.0,1.0,0.5882352941176471,0.6101694915254237,-0.0911224738051659,-0.0883662896012864,-0.361050281489052,2.0,-0.09179223588354683,1.0,0
9663,0.0,1.0,0.5882352941176471,0.5847457627118644,-0.0911224738051659,-0.0883662896012864,-0.361050281489052,2.0,0.19385970769554134,1.0,0
4823,1.0,0.0,0.7647058823529412,0.7372881355932204,-1.1941785618001068,-1.6968723461103423,3.1222630417542074,0.0,-0.9093477985409372,0.0,1
15129,0.0,1.0,0.7647058823529412,0.7372881355932204,0.9868314986303708,0.9867588788973285,-0.361050281489052,2.0,1.937321570229976,2.0,0
5694,1.0,0.0,0.05882352941176472,0.06779661016949157,-1.1941785618001068,-1.2113691208958397,3.1222630417542074,0.0,-0.9093477985409372,0.0,1
4697,0.0,0.0,0.2941176470588235,0.30508474576271194,0.9868314986303708,0.9867588788973285,-0.361050281489052,2.0,0.6568128576340636,1.0,0
4667,0.0,0.0,0.6470588235294118,0.6610169491525424,-1.7041713906771967,-1.2113691208958397,-0.361050281489052,0.0,-0.978298267680717,0.0,1
8745,1.0,0.0,0.7058823529411765,0.6864406779661016,0.9868314986303708,0.9867588788973285,-0.361050281489052,1.0,-0.6433959890017861,1.0,0
10118,0.0,1.0,0.823529411764706,0.8220338983050848,-0.0911224738051659,-0.0883662896012864,-0.361050281489052,2.0,1.7009199617507307,2.0,0
12898,0.0,1.0,0.7647058823529412,0.7372881355932204,0.9868314986303708,0.9867588788973285,-0.361050281489052,2.0,-0.04254190078370405,1.0,0
7408,0.0,0.0,0.9999999999999999,0.9745762711864407,0.9868314986303708,0.9867588788973285,-0.361050281489052,2.0,-0.29864364330288656,1.0,0
8040,0.0,1.0,0.5294117647058824,0.5169491525423728,-1.7041713906771967,-1.2113691208958397,-0.361050281489052,0.0,-1.0767989378804026,0.0,1
13014,0.0,1.0,0.9999999999999999,1.0,0.9868314986303708,0.9867588788973285,-0.361050281489052,2.0,1.937321570229976,2.0,0
8759,0.0,0.0,0.6470588235294118,0.6610169491525424,0.9868314986303708,0.9867588788973285,-0.361050281489052,1.0,-0.5941456539019433,1.0,0
4823,1.0,0.0,0.4117647058823529,0.3813559322033898,-1.1941785618001068,-1.6968723461103423,2.3265922358333446,0.0,-0.8994977315209686,0.0,1
11410,0.0,0.0,0.7647058823529412,0.7796610169491525,0.9868314986303708,0.9867588788973285,-0.361050281489052,2.0,0.4598115172346924,1.0,0
9663,0.0,1.0,0.6470588235294118,0.6355932203389831,-0.0911224738051659,-0.0883662896012864,-0.361050281489052,2.0,0.5484621204144094,1.0,0
5418,0.0,0.0,0.17647058823529405,0.19491525423728817,-1.7041713906771967,-1.2113691208958397,-0.361050281489052,0.0,-0.9684482006607484,0.0,1
6017,0.0,1.0,0.17647058823529405,0.1694915254237288,0.9868314986303708,0.9867588788973285,-0.361050281489052,2.0,1.2182666777722713,1.0,0
6961,0.0,0.0,0.7058823529411765,0.6864406779661016,-1.1941785618001068,-1.6968723461103423,3.1222630417542074,0.0,-0.9093477985409372,0.0,1
9416,0.0,0.0,0.8823529411764705,0.8728813559322035,-0.0911224738051659,-0.0883662896012864,-0.361050281489052,2.0,2.3608744520886242,2.0,0
10262,0.0,1.0,0.9999999999999999,1.0,0.9868314986303708,0.9867588788973285,-0.361050281489052,2.0,0.7356133937938121,1.0,0
10844,0.0,1.0,0.6470588235294118,0.6610169491525424,-0.0911224738051659,-0.0883662896012864,-0.361050281489052,2.0,1.3857178171117368,1.0,0
14571,0.0,1.0,0.7058823529411765,0.7118644067796611,-0.0911224738051659,-0.0883662896012864,-0.361050281489052,2.0,0.10520910451582433,1.0,0
5224,1.0,0.0,0.7647058823529412,0.7372881355932204,-0.0911224738051659,-0.0883662896012864,-0.361050281489052,0.0,-0.9487480666208113,0.0,1
4423,0.0,0.0,0.2941176470588235,0.30508474576271194,-1.1941785618001068,-1.6968723461103423,3.1222630417542074,0.0,-0.9093477985409372,0.0,1
10844,0.0,1.0,0.6470588235294118,0.6355932203389831,-0.0911224738051659,-0.0883662896012864,-0.361050281489052,2.0,1.0212653373729002,1.0,0
16108,0.0,0.0,0.7647058823529412,0.7796610169491525,0.9868314986303708,0.9867588788973285,-0.361050281489052,2.0,0.08550897047588721,1.0,0
9736,0.0,0.0,0.11764705882352944,0.09322033898305082,-1.7041713906771967,-1.2113691208958397,-0.361050281489052,2.0,-0.1705927720432953,2.0,0
9345,0.0,0.0,0.7058823529411765,0.7118644067796611,-0.0911224738051659,-0.0883662896012864,-0.361050281489052,2.0,1.5925692245310765,1.0,0
3625,0.0,0.0,0.7647058823529412,0.7372881355932204,-1.7041713906771967,-1.2113691208958397,-0.361050281489052,0.0,-1.066948870860434,0.0,1
15554,0.0,1.0,0.05882352941176472,0.06779661016949157,0.9868314986303708,0.9867588788973285,-0.361050281489052,2.0,-0.2198431071431381,1.0,0
11087,0.0,1.0,0.05882352941176472,0.06779661016949157,-1.1941785618001068,-1.2113691208958397,-0.361050281489052,2.0,1.8880712351301332,1.0,0
10262,0.0,1.0,0.8823529411764705,0.8983050847457628,0.9868314986303708,0.9867588788973285,-0.361050281489052,1.0,-0.5941456539019433,1.0,0
4238,1.0,0.0,0.17647058823529405,0.19491525423728817,-1.1941785618001068,-1.2113691208958397,2.3265922358333446,0.0,-0.9191978655609057,0.0,1
12471,0.0,1.0,0.8823529411764705,0.8728813559322035,-0.0911224738051659,-0.0883662896012864,-0.361050281489052,2.0,0.19385970769554134,1.0,0
7832,0.0,1.0,0.17647058823529405,0.1694915254237288,-1.1941785618001068,-1.2113691208958397,-0.361050281489052,2.0,0.24311004279538412,1.0,0
6496,1.0,0.0,0.9999999999999999,0.9745762711864407,0.9868314986303708,0.9867588788973285,-0.361050281489052,1.0,-0.6630961230417232,1.0,0
4226,1.0,0.0,0.6470588235294118,0.6355932203389831,-0.0911224738051659,-0.0883662896012864,-0.361050281489052,1.0,-0.8108471283412516,1.0,0
7229,0.0,1.0,0.3529411764705882,0.3305084745762712,-1.1941785618001068,-1.6968723461103423,-0.3610502704585801,1.0,-0.8797975974810315,0.0,1
7631,0.0,0.0,0.05882352941176472,0.06779661016949157,-1.1941785618001068,-1.2113691208958397,2.3265922358333446,0.0,-0.8994977315209686,0.0,1
6442,1.0,0.0,0.9999999999999999,0.9745762711864407,0.9868314986303708,0.9867588788973285,-0.361050281489052,2.0,0.006708434316138742,1.0,0
14714,0.0,1.0,0.8823529411764705,0.8728813559322035,0.9868314986303708,0.9867588788973285,-0.361050281489052,1.0,-0.5350452517821319,1.0,0
3850,1.0,0.0,0.823529411764706,0.7966101694915255,-1.7041713906771967,-1.2113691208958397,-0.361050281489052,0.0,-0.9684482006607484,0.0,1
12199,0.0,0.0,0.9999999999999999,1.0,0.9868314986303708,0.9867588788973285,-0.361050281489052,2.0,1.828970833010322,2.0,0
3100,0.0,0.0,0.7058823529411765,0.7118644067796611,-1.7041713906771967,-1.2113691208958397,-0.361050281489052,0.0,-1.0767989378804026,0.0,1
6723,0.0,0.0,0.9999999999999999,0.9745762711864407,0.9868314986303708,0.9867588788973285,-0.361050281489052,2.0,0.5681622544543465,1.0,0
13542,0.0,0.0,0.17647058823529405,0.1694915254237288,0.9868314986303708,0.9867588788973285,-0.361050281489052,2.0,0.42041124915481815,1.0,0
5645,0.0,0.0,0.823529411764706,0.847457627118644,-0.0911224738051659,-0.0883662896012864,-0.3610502704585801,0.0,-0.9388979996008429,0.0,1
10623,0.0,0.0,0.7058823529411765,0.7118644067796611,-0.0911224738051659,-0.0883662896012864,-0.361050281489052,2.0,1.937321570229976,1.0,0
4049,1.0,0.0,0.9999999999999999,0.9745762711864407,-1.7041713906771967,-1.2113691208958397,-0.361050281489052,0.0,-1.066948870860434,0.0,1
14960,0.0,0.0,0.8823529411764705,0.8728813559322035,-0.0911224738051659,-0.0883662896012864,-0.361050281489052,2.0,0.34161071299506973,2.0,0
12723,0.0,0.0,0.8823529411764705,0.8728813559322035,-0.0911224738051659,-0.0883662896012864,-0.361050281489052,2.0,0.8144139299535604,2.0,0
12677,0.0,0.0,0.05882352941176472,0.0423728813559322,0.9868314986303708,0.9867588788973285,-0.361050281489052,2.0,1.9865719053298188,1.0,0
12373,0.0,1.0,0.6470588235294118,0.6610169491525424,0.9868314986303708,0.9867588788973285,-0.361050281489052,2.0,1.1690163426724285,1.0,0
5177,0.0,1.0,0.2941176470588235,0.2796610169491526,0.9868314986303708,0.9867588788973285,-0.361050281489052,2.0,1.425118085191611,1.0,0
2754,1.0,0.0,0.5294117647058824,0.5338983050847457,-1.7041713906771967,-1.2113691208958397,-0.361050281489052,0.0,-1.066948870860434,0.0,1
3100,0.0,0.0,0.5294117647058824,0.5169491525423728,-1.7041713906771967,-1.2113691208958397,-0.361050281489052,0.0,-1.0964990719203398,0.0,1
3597,0.0,0.0,0.7647058823529412,0.7372881355932204,-1.7041713906771967,-1.2113691208958397,-0.361050281489052,0.0,-0.978298267680717,0.0,1
15385,0.0,0.0,0.0,0.0,-1.7041713906771967,-1.2113691208958397,-0.361050281489052,0.0,-1.0964990719203398,0.0,1
8907,0.0,0.0,0.823529411764706,0.7966101694915255,0.9868314986303708,0.9867588788973285,-0.361050281489052,2.0,0.3219105789551326,1.0,0
8016,0.0,1.0,0.9999999999999999,1.0,-1.1941785618001068,-1.6968723461103423,-0.35809171854006194,1.0,-0.889647664501,0.0,1
5797,0.0,0.0,0.9999999999999999,0.9745762711864407,0.9868314986303708,0.9867588788973285,-0.361050281489052,2.0,-0.03269183376373549,1.0,0
6526,1.0,0.0,0.7647058823529412,0.7372881355932204,0.9868314986303708,0.9867588788973285,-0.361050281489052,2.0,0.44996145021472383,1.0,0
5201,0.0,0.0,0.9411764705882352,0.9491525423728813,0.9868314986303708,0.9867588788973285,3.1222630417542074,0.0,-0.9093477985409372,0.0,1
7229,0.0,1.0,0.5882352941176471,0.6101694915254237,-1.1941785618001068,-1.6968723461103423,-0.35809171854006194,1.0,-0.889647664501,0.0,1
6093,1.0,0.0,0.3529411764705882,0.3305084745762712,0.9868314986303708,0.9867588788973285,-0.361050281489052,2.0,0.3514607800150383,1.0,0
4544,0.0,1.0,0.2941176470588235,0.2796610169491526,-1.1941785618001068,-1.6968723461103423,2.3265922358333446,0.0,-0.8994977315209686,0.0,1
5706,0.0,0.0,0.11764705882352944,0.11864406779661019,-1.1941785618001068,-1.2113691208958397,2.3265922358333446,0.0,-0.8994977315209686,0.0,1
13377,0.0,0.0,0.9999999999999999,1.0,0.9868314986303708,0.9867588788973285,-0.361050281489052,2.0,0.11505917153579288,1.0,0
15170,0.0,0.0,0.7058823529411765,0.7118644067796611,-0.0911224738051659,-0.0883662896012864,-0.361050281489052,2.0,0.34161071299506973,2.0,0
4804,1.0,0.0,0.9999999999999999,0.9745762711864407,-0.0911224738051659,-0.0883662896012864,-0.361050281489052,0.0,-0.9487480666208113,0.0,1
1965,0.0,0.0,0.5294117647058824,0.5169491525423728,-1.7041713906771967,-1.2113691208958397,-0.361050281489052,0.0,-1.066948870860434,0.0,1
10368,0.0,1.0,0.8823529411764705,0.8728813559322035,0.9868314986303708,0.9867588788973285,-0.361050281489052,2.0,-0.1902929060832324,2.0,0
4804,1.0,0.0,0.5294117647058824,0.5169491525423728,-0.0911224738051659,-0.0883662896012864,-0.3610502704585801,0.0,-0.9388979996008429,0.0,1
6961,0.0,0.0,0.8823529411764705,0.8983050847457628,-1.1941785618001068,-1.6968723461103423,2.3265922358333446,0.0,-0.9191978655609057,0.0,1
3687,0.0,0.0,0.7647058823529412,0.7796610169491525,-1.7041713906771967,-1.2113691208958397,-0.361050281489052,0.0,-0.978298267680717,0.0,1
3543,0.0,0.0,0.823529411764706,0.8220338983050848,-1.7041713906771967,-1.2113691208958397,-0.361050281489052,0.0,-0.9684482006607484,0.0,1
15898,0.0,0.0,0.7647058823529412,0.7372881355932204,0.9868314986303708,0.9867588788973285,-0.361050281489052,2.0,-0.3281938443627922,1.0,0
10651,0.0,0.0,0.6470588235294118,0.6355932203389831,0.9868314986303708,0.9867588788973285,-0.361050281489052,2.0,1.0803657394927115,2.0,0
3971,0.0,0.0,0.2941176470588235,0.2796610169491526,-1.1941785618001068,-1.6968723461103423,-0.35809171854006194,0.0,-0.9290479325808743,0.0,1
13067,0.0,1.0,0.6470588235294118,0.6355932203389831,-0.0911224738051659,-0.0883662896012864,-0.361050281489052,2.0,-0.24939330820304376,1.0,0
5192,0.0,0.0,0.6470588235294118,0.6355932203389831,-0.0911224738051659,-0.0883662896012864,-0.361050281489052,2.0,-0.25924337522301233,2.0,0
10844,0.0,1.0,0.823529411764706,0.8220338983050848,-0.0911224738051659,-0.0883662896012864,-0.361050281489052,1.0,-0.5251951847621634,1.0,0
10262,0.0,1.0,0.9999999999999999,1.0,0.9868314986303708,0.9867588788973285,-0.361050281489052,2.0,1.425118085191611,1.0,0
8366,0.0,0.0,0.823529411764706,0.847457627118644,-0.0911224738051659,-0.0883662896012864,-0.361050281489052,2.0,1.4152680181716426,1.0,0
10262,0.0,1.0,0.823529411764706,0.8220338983050848,0.9868314986303708,0.9867588788973285,-0.361050281489052,2.0,-0.04254190078370405,1.0,0
11134,0.0,1.0,0.17647058823529405,0.19491525423728817,-0.0911224738051659,-0.0883662896012864,-0.361050281489052,2.0,1.5236187553912965,1.0,0
7893,0.0,0.0,0.2941176470588235,0.2627118644067796,-0.0911224738051659,-0.0883662896012864,-0.361050281489052,2.0,0.5878623884942836,1.0,0
5201,0.0,0.0,0.9411764705882352,0.923728813559322,0.9868314986303708,0.9867588788973285,-0.3610502704585801,1.0,-0.8797975974810315,0.0,1
8366,0.0,0.0,0.7058823529411765,0.6864406779661016,-0.0911224738051659,-0.0883662896012864,-0.361050281489052,2.0,0.223409908755447,1.0,0
13559,0.0,1.0,0.7058823529411765,0.6864406779661016,0.9868314986303708,0.9867588788973285,-0.361050281489052,2.0,1.9471716372499446,2.0,0
5740,1.0,0.0,0.4117647058823529,0.4067796610169492,-1.1941785618001068,-1.6968723461103423,3.1222630417542074,0.0,-0.9093477985409372,0.0,1
10539,0.0,1.0,0.823529411764706,0.8220338983050848,-0.0911224738051659,-0.0883662896012864,-0.361050281489052,2.0,1.7107700287706993,1.0,0
8040,0.0,1.0,0.5294117647058824,0.5338983050847457,-1.7041713906771967,-1.2113691208958397,-0.361050281489052,0.0,-1.066948870860434,0.0,1
9345,0.0,0.0,0.7058823529411765,0.6864406779661016,-0.0911224738051659,-0.0883662896012864,-0.361050281489052,1.0,-0.48579491668228914,1.0,0
6144,1.0,0.0,0.05882352941176472,0.06779661016949157,-1.1941785618001068,-1.2113691208958397,3.1222630417542074,0.0,-0.9093477985409372,0.0,1
5198,1.0,0.0,0.23529411764705876,0.22033898305084743,-0.0911224738051659,-0.0883662896012864,-0.3610502704585801,0.0,-0.9388979996008429,0.0,1
8588,0.0,0.0,0.0,0.016949152542372947,-1.1941785618001068,-1.2113691208958397,2.3265922358333446,0.0,-0.9191978655609057,0.0,1
2754,1.0,0.0,0.2941176470588235,0.2627118644067796,-1.7041713906771967,-1.2113691208958397,-0.361050281489052,0.0,-1.066948870860434,0.0,1
7408,0.0,0.0,0.8823529411764705,0.8983050847457628,0.9868314986303708,0.9867588788973285,-0.361050281489052,2.0,0.4105611821348496,1.0,0
13377,0.0,0.0,0.823529411764706,0.7966101694915255,0.9868314986303708,0.9867588788973285,-0.361050281489052,2.0,-0.0031416327038298153,1.0,0
13587,0.0,0.0,0.9999999999999999,1.0,0.9868314986303708,0.9867588788973285,-0.361050281489052,2.0,-0.41684444754250927,1.0,0
7832,0.0,1.0,0.17647058823529405,0.1694915254237288,-1.1941785618001068,-1.2113691208958397,-0.361050281489052,2.0,-0.3872942464826036,1.0,0
3398,0.0,0.0,0.5882352941176471,0.5593220338983051,-1.1941785618001068,-1.6968723461103423,3.1222630417542074,0.0,-0.9093477985409372,0.0,1
7608,0.0,0.0,0.0,0.016949152542372947,-1.1941785618001068,-1.2113691208958397,2.3265922358333446,0.0,-0.8994977315209686,0.0,1
5830,0.0,0.0,0.4117647058823529,0.3813559322033898,0.9868314986303708,0.9867588788973285,-0.361050281489052,1.0,-0.7123464581415659,1.0,0
4077,1.0,0.0,0.8823529411764705,0.8983050847457628,-1.1941785618001068,-1.6968723461103423,3.1222630417542074,0.0,-0.9093477985409372,0.0,1
15411,0.0,0.0,0.0,0.016949152542372947,0.9868314986303708,0.9867588788973285,-0.361050281489052,2.0,-0.07209210184360972,1.0,0
6069,1.0,0.0,0.823529411764706,0.847457627118644,0.9868314986303708,0.9867588788973285,-0.361050281489052,1.0,-0.6532460560217547,1.0,0
5963,0.0,1.0,0.23529411764705876,0.22033898305084743,0.9868314986303708,0.9867588788973285,-0.361050281489052,2.0,-0.1902929060832324,1.0,0
6007,0.0,0.0,0.9999999999999999,0.9745762711864407,0.9868314986303708,0.9867588788973285,-0.361050281489052,2.0,0.0165585013361073,1.0,0
7174,0.0,0.0,0.7647058823529412,0.7372881355932204,0.9868314986303708,0.9867588788973285,-0.361050281489052,1.0,-0.6138457879418804,1.0,0
14053,0.0,1.0,0.05882352941176472,0.06779661016949157,0.9868314986303708,0.9867588788973285,-0.361050281489052,2.0,-0.04254190078370405,1.0,0
4804,1.0,0.0,0.47058823529411764,0.4576271186440678,-0.0911224738051659,-0.0883662896012864,-0.361050281489052,0.0,-0.9487480666208113,0.0,1
8016,0.0,1.0,0.823529411764706,0.847457627118644,-1.1941785618001068,-1.6968723461103423,2.3265922358333446,0.0,-0.8994977315209686,0.0,1
5201,0.0,0.0,0.8823529411764705,0.8728813559322035,0.9868314986303708,0.9867588788973285,3.1222630417542074,0.0,-0.9093477985409372,0.0,1
11432,0.0,0.0,0.5882352941176471,0.5847457627118644,-0.0911224738051659,-0.0883662896012864,-0.361050281489052,2.0,0.5189119193545038,2.0,0
8610,0.0,0.0,0.2941176470588235,0.2627118644067796,-0.0911224738051659,-0.0883662896012864,-0.361050281489052,2.0,1.8092706989703848,1.0,0
10944,0.0,0.0,0.6470588235294118,0.6610169491525424,-0.0911224738051659,-0.0883662896012864,-0.361050281489052,2.0,-0.3872942464826036,1.0,0
9526,0.0,0.0,0.8823529411764705,0.8983050847457628,0.9868314986303708,0.9867588788973285,-0.361050281489052,2.0,-0.0031416327038298153,1.0,0
5510,0.0,0.0,0.9999999999999999,1.0,-0.0911224738051659,-0.0883662896012864,-0.361050281489052,0.0,-0.9487480666208113,0.0,1
16736,0.0,1.0,0.05882352941176472,0.0423728813559322,-1.1941785618001068,-1.2113691208958397,-0.361050281489052,2.0,0.09535903749585577,1.0,0
6692,0.0,0.0,0.23529411764705876,0.22033898305084743,0.9868314986303708,0.9867588788973285,-0.361050281489052,2.0,1.3857178171117368,1.0,0
13587,0.0,0.0,0.823529411764706,0.7966101694915255,0.9868314986303708,0.9867588788973285,-0.361050281489052,2.0,0.17415957365560422,1.0,0
5963,0.0,1.0,0.23529411764705876,0.22033898305084743,0.9868314986303708,0.9867588788973285,-0.361050281489052,2.0,-0.08194216886357827,1.0,0
12192,0.0,0.0,0.823529411764706,0.8220338983050848,0.9868314986303708,0.9867588788973285,-0.361050281489052,2.0,0.17415957365560422,1.0,0
8028,0.0,0.0,0.0,0.016949152542372947,-1.1941785618001068,-1.2113691208958397,-0.35809171854006194,0.0,-0.9290479325808743,0.0,1
26890,0.0,1.0,0.0,0.0,-1.1941785618001068,-1.2113691208958397,-0.361050281489052,2.0,0.3022104449151955,1.0,0
10262,0.0,1.0,0.9999999999999999,0.9745762711864407,0.9868314986303708,0.9867588788973285,-0.361050281489052,2.0,1.563019023471171,1.0,0
13727,0.0,0.0,0.5882352941176471,0.5593220338983051,0.9868314986303708,0.9867588788973285,-0.361050281489052,2.0,-0.29864364330288656,1.0,0
5678,0.0,1.0,0.7647058823529412,0.7372881355932204,-1.7041713906771967,-1.2113691208958397,-0.361050281489052,0.0,-1.0767989378804026,0.0,1
8586,0.0,1.0,0.6470588235294118,0.6610169491525424,-0.0911224738051659,-0.0883662896012864,-0.361050281489052,2.0,-0.3577440454226979,1.0,0
13067,0.0,1.0,0.5882352941176471,0.5847457627118644,-0.0911224738051659,-0.0883662896012864,-0.361050281489052,2.0,1.671369760690825,1.0,0
10262,0.0,1.0,0.9999999999999999,0.9745762711864407,0.9868314986303708,0.9867588788973285,-0.361050281489052,2.0,1.5433188894312337,1.0,0
6637,0.0,0.0,0.23529411764705876,0.22033898305084743,0.9868314986303708,0.9867588788973285,-0.361050281489052,2.0,0.0165585013361073,1.0,0
3943,1.0,0.0,0.823529411764706,0.847457627118644,-1.1941785618001068,-1.6968723461103423,3.1222630417542074,0.0,-0.9093477985409372,0.0,1
3597,1.0,0.0,0.823529411764706,0.7966101694915255,-1.7041713906771967,-1.2113691208958397,-0.361050281489052,0.0,-0.9684482006607484,0.0,1
4563,0.0,0.0,0.23529411764705876,0.22033898305084743,0.9868314986303708,0.9867588788973285,-0.361050281489052,2.0,-0.37744417946263503,1.0,0
11262,0.0,0.0,0.17647058823529405,0.19491525423728817,-0.0911224738051659,-0.0883662896012864,-0.361050281489052,2.0,2.025972173409693,1.0,0
12898,0.0,1.0,0.7058823529411765,0.6864406779661016,0.9868314986303708,0.9867588788973285,-0.361050281489052,2.0,-0.2198431071431381,1.0,0
13587,0.0,0.0,0.823529411764706,0.847457627118644,0.9868314986303708,0.9867588788973285,-0.361050281489052,2.0,-0.15089263800335817,1.0,0
6442,1.0,0.0,0.8823529411764705,0.8728813559322035,0.9868314986303708,0.9867588788973285,-0.361050281489052,2.0,-0.22969317416310664,1.0,0
5678,0.0,1.0,0.5294117647058824,0.5338983050847457,-1.7041713906771967,-1.2113691208958397,-0.361050281489052,0.0,-1.0767989378804026,0.0,1
2227,1.0,0.0,0.17647058823529405,0.14406779661016955,-1.7041713906771967,-1.2113691208958397,-0.361050281489052,0.0,-1.066948870860434,0.0,1
6076,0.0,0.0,0.23529411764705876,0.22033898305084743,0.9868314986303708,0.9867588788973285,-0.361050281489052,2.0,-0.1705927720432953,1.0,0
6795,0.0,0.0,0.7647058823529412,0.7372881355932204,0.9868314986303708,0.9867588788973285,-0.361050281489052,2.0,-0.3281938443627922,1.0,0
10262,0.0,1.0,0.9999999999999999,1.0,0.9868314986303708,0.9867588788973285,-0.361050281489052,2.0,1.563019023471171,1.0,0
14067,0.0,0.0,0.7058823529411765,0.6864406779661016,0.9868314986303708,0.9867588788973285,-0.361050281489052,2.0,-0.29864364330288656,1.0,0
4957,0.0,0.0,0.9999999999999999,1.0,0.9868314986303708,0.9867588788973285,-0.361050281489052,1.0,-0.6630961230417232,1.0,0
6600,1.0,0.0,0.823529411764706,0.847457627118644,0.9868314986303708,0.9867588788973285,-0.361050281489052,2.0,0.06580883643595009,1.0,0
8586,0.0,1.0,0.5294117647058824,0.5169491525423728,-0.0911224738051659,-0.0883662896012864,-0.361050281489052,2.0,0.33176064597510113,1.0,0
3749,1.0,0.0,0.7647058823529412,0.7372881355932204,-1.1941785618001068,-1.6968723461103423,3.1222630417542074,0.0,-0.9093477985409372,0.0,1
3332,0.0,0.0,0.17647058823529405,0.1694915254237288,-1.7041713906771967,-1.2113691208958397,-0.361050281489052,0.0,-0.9684482006607484,0.0,1
20747,0.0,1.0,0.0,0.016949152542372947,0.9868314986303708,0.9867588788973285,-0.361050281489052,2.0,1.651669626650888,2.0,0
13014,0.0,1.0,0.823529411764706,0.847457627118644,0.9868314986303708,0.9867588788973285,-0.361050281489052,2.0,1.937321570229976,2.0,0
7064,0.0,1.0,0.2941176470588235,0.2627118644067796,-0.0911224738051659,-0.0883662896012864,-0.361050281489052,2.0,1.8979213021501018,1.0,0
11467,0.0,1.0,0.5294117647058824,0.5169491525423728,-0.0911224738051659,-0.0883662896012864,-0.361050281489052,2.0,1.848670967050259,1.0,0
5964,0.0,0.0,0.17647058823529405,0.19491525423728817,-0.0911224738051659,-0.0883662896012864,-0.361050281489052,0.0,-0.9487480666208113,0.0,1
4384,0.0,0.0,0.11764705882352944,0.09322033898305082,-0.0911224738051659,-0.0883662896012864,-0.361050281489052,0.0,-0.9487480666208113,0.0,1
9103,0.0,0.0,0.6470588235294118,0.6355932203389831,0.9868314986303708,0.9867588788973285,-0.361050281489052,2.0,-0.34789397840272934,1.0,0
5228,0.0,0.0,0.47058823529411764,0.48305084745762716,-1.1941785618001068,-1.6968723461103423,3.1222630417542074,0.0,-0.9093477985409372,0.0,1
14871,1.0,0.0,0.05882352941176472,0.0423728813559322,0.9868314986303708,0.9867588788973285,-0.361050281489052,2.0,-0.288793576282918,1.0,0
13576,0.0,0.0,0.0,0.0,-1.1941785618001068,-1.2113691208958397,-0.361050281489052,2.0,0.6863630586939692,2.0,0
4174,0.0,0.0,0.4117647058823529,0.4067796610169492,-0.0911224738051659,-0.0883662896012864,-0.361050281489052,0.0,-0.9684482006607484,0.0,1
4174,1.0,0.0,0.3529411764705882,0.35593220338983056,-0.0911224738051659,-0.0883662896012864,-0.3610502704585801,0.0,-0.9388979996008429,0.0,1
10067,1.0,0.0,0.17647058823529405,0.19491525423728817,-1.1941785618001068,-1.2113691208958397,3.1222630417542074,0.0,-0.9093477985409372,0.0,1
14687,0.0,0.0,0.5882352941176471,0.5847457627118644,-0.0911224738051659,-0.0883662896012864,-0.361050281489052,2.0,1.1197660075725857,2.0,0
12723,0.0,0.0,0.7058823529411765,0.7118644067796611,-0.0911224738051659,-0.0883662896012864,-0.361050281489052,2.0,2.380574586128561,2.0,0
9794,0.0,0.0,0.5882352941176471,0.5847457627118644,0.9868314986303708,0.9867588788973285,-0.361050281489052,2.0,-0.2198431071431381,1.0,0
7664,0.0,0.0,0.11764705882352944,0.11864406779661019,-1.1941785618001068,-1.2113691208958397,-0.361050281489052,2.0,2.331324251028718,2.0,0
13376,0.0,1.0,0.823529411764706,0.7966101694915255,0.9868314986303708,0.9867588788973285,-0.361050281489052,2.0,1.3561676160518312,2.0,0
13757,0.0,0.0,0.05882352941176472,0.0423728813559322,-1.7041713906771967,-1.2113691208958397,-0.361050281489052,2.0,-0.14104257098338963,2.0,0
5380,1.0,0.0,0.823529411764706,0.847457627118644,-0.0911224738051659,-0.0883662896012864,-0.361050281489052,1.0,-0.623695854961849,1.0,0
14714,0.0,1.0,0.823529411764706,0.847457627118644,0.9868314986303708,0.9867588788973285,-0.361050281489052,2.0,1.2576669458521457,1.0,0
4804,1.0,0.0,0.7647058823529412,0.7796610169491525,-0.0911224738051659,-0.0883662896012864,-0.3610502704585801,0.0,-0.9388979996008429,0.0,1
4667,0.0,0.0,0.6470588235294118,0.6355932203389831,-1.7041713906771967,-1.2113691208958397,-0.361050281489052,0.0,-0.978298267680717,0.0,1
4544,0.0,1.0,0.3529411764705882,0.3305084745762712,-1.1941785618001068,-1.6968723461103423,2.3265922358333446,0.0,-0.9191978655609057,0.0,1
7787,0.0,0.0,0.7058823529411765,0.6864406779661016,0.9868314986303708,0.9867588788973285,-0.361050281489052,2.0,0.24311004279538412,1.0,0
16289,0.0,1.0,0.05882352941176472,0.06779661016949157,0.9868314986303708,0.9867588788973285,-0.361050281489052,2.0,0.223409908755447,1.0,0
3847,0.0,0.0,0.17647058823529405,0.1694915254237288,-0.0911224738051659,-0.0883662896012864,-0.361050281489052,0.0,-0.9684482006607484,0.0,1
6117,0.0,0.0,0.6470588235294118,0.6355932203389831,-0.0911224738051659,-0.0883662896012864,-0.361050281489052,2.0,0.6568128576340636,1.0,0
6117,0.0,0.0,0.8823529411764705,0.8728813559322035,-0.0911224738051659,-0.0883662896012864,-0.361050281489052,2.0,1.0606656054527743,2.0,0
7662,0.0,0.0,0.6470588235294118,0.6610169491525424,-0.0911224738051659,-0.0883662896012864,-0.361050281489052,2.0,1.7403202298306049,1.0,0
8016,0.0,1.0,0.8823529411764705,0.8983050847457628,-1.1941785618001068,-1.6968723461103423,2.3265922358333446,0.0,-0.8994977315209686,0.0,1
5769,0.0,1.0,0.823529411764706,0.7966101694915255,-1.1941785618001068,-1.6968723461103423,2.3265922358333446,0.0,-0.9191978655609057,0.0,1
13587,0.0,0.0,0.7647058823529412,0.7796610169491525,0.9868314986303708,0.9867588788973285,-0.361050281489052,2.0,-0.29864364330288656,1.0,0
3384,0.0,0.0,0.23529411764705876,0.22033898305084743,-1.7041713906771967,-1.2113691208958397,-0.3610502704585801,0.0,-0.9388979996008429,0.0,1
3597,0.0,0.0,0.823529411764706,0.8220338983050848,-1.7041713906771967,-1.2113691208958397,-0.361050281489052,0.0,-0.978298267680717,0.0,1
7952,0.0,0.0,0.823529411764706,0.8220338983050848,0.9868314986303708,0.9867588788973285,-0.361050281489052,2.0,1.9865719053298188,1.0,0
15812,0.0,1.0,0.9999999999999999,0.9745762711864407,0.9868314986303708,0.9867588788973285,-0.361050281489052,2.0,-0.37744417946263503,2.0,0
3943,1.0,0.0,0.5882352941176471,0.6101694915254237,-1.1941785618001068,-1.6968723461103423,3.1222630417542074,0.0,-0.9093477985409372,0.0,1
10262,0.0,1.0,0.8823529411764705,0.8983050847457628,0.9868314986303708,0.9867588788973285,-0.361050281489052,2.0,0.046108702396012974,1.0,0
11753,0.0,0.0,0.9999999999999999,1.0,0.9868314986303708,0.9867588788973285,-0.361050281489052,2.0,-0.25924337522301233,2.0,0
6934,0.0,0.0,0.823529411764706,0.7966101694915255,0.9868314986303708,0.9867588788973285,-0.35809171854006194,1.0,-0.889647664501,0.0,1
9646,0.0,0.0,0.823529411764706,0.7966101694915255,0.9868314986303708,0.9867588788973285,-0.361050281489052,1.0,-0.48579491668228914,1.0,0
6216,0.0,0.0,0.4117647058823529,0.3813559322033898,0.9868314986303708,0.9867588788973285,-0.361050281489052,1.0,-0.8699475304610629,0.0,1
10703,0.0,1.0,0.5882352941176471,0.5593220338983051,-0.0911224738051659,-0.0883662896012864,-0.361050281489052,2.0,0.11505917153579288,1.0,0
13376,0.0,1.0,0.9999999999999999,1.0,0.9868314986303708,0.9867588788973285,-0.361050281489052,2.0,1.3561676160518312,2.0,0
13381,0.0,0.0,0.9999999999999999,0.9745762711864407,0.9868314986303708,0.9867588788973285,-0.361050281489052,2.0,1.8683711010901962,2.0,0
13014,0.0,1.0,0.823529411764706,0.7966101694915255,0.9868314986303708,0.9867588788973285,-0.361050281489052,2.0,1.937321570229976,2.0,0
9930,0.0,0.0,0.7058823529411765,0.6864406779661016,0.9868314986303708,0.9867588788973285,-0.361050281489052,2.0,0.40071111511488106,1.0,0
10261,0.0,0.0,0.7647058823529412,0.7796610169491525,0.9868314986303708,0.9867588788973285,-0.361050281489052,2.0,-0.34789397840272934,1.0,0
1965,0.0,0.0,0.5882352941176471,0.5847457627118644,-1.7041713906771967,-1.2113691208958397,-0.361050281489052,0.0,-1.066948870860434,0.0,1
15342,0.0,0.0,0.05882352941176472,0.0423728813559322,0.9868314986303708,0.9867588788973285,-0.361050281489052,2.0,-0.03269183376373549,1.0,0
6883,0.0,0.0,0.23529411764705876,0.22033898305084743,0.9868314986303708,0.9867588788973285,-0.361050281489052,2.0,0.2923603778952269,1.0,0
4050,0.0,1.0,0.9999999999999999,0.9745762711864407,-1.7041713906771967,-1.2113691208958397,-0.361050281489052,0.0,-1.0767989378804026,0.0,1
14151,0.0,1.0,0.5294117647058824,0.5169491525423728,-0.0911224738051659,-0.0883662896012864,-0.361050281489052,2.0,1.7895705649304476,1.0,0
5562,0.0,0.0,0.2941176470588235,0.2627118644067796,-0.0911224738051659,-0.0883662896012864,-0.361050281489052,2.0,-0.36759411244266643,2.0,0
12797,0.0,0.0,0.5882352941176471,0.5593220338983051,-0.0911224738051659,-0.0883662896012864,-0.361050281489052,2.0,1.651669626650888,3.0,0
9564,0.0,1.0,0.9999999999999999,0.9745762711864407,0.9868314986303708,0.9867588788973285,-0.361050281489052,1.0,-0.8600974634410944,0.0,1
6961,0.0,0.0,0.9999999999999999,0.9745762711864407,-1.1941785618001068,-1.6968723461103423,2.3265922358333446,0.0,-0.9191978655609057,0.0,1
12488,0.0,0.0,0.823529411764706,0.7966101694915255,0.9868314986303708,0.9867588788973285,-0.361050281489052,2.0,1.6812198277107935,2.0,0
12692,0.0,1.0,0.8823529411764705,0.8728813559322035,-0.0911224738051659,-0.0883662896012864,-0.361050281489052,2.0,0.4105611821348496,1.0,0
13033,0.0,0.0,0.5882352941176471,0.5847457627118644,-0.0911224738051659,-0.0883662896012864,-0.361050281489052,2.0,0.9227646671732146,2.0,0
13882,0.0,1.0,0.8823529411764705,0.8728813559322035,0.9868314986303708,0.9867588788973285,-0.361050281489052,2.0,1.9668717712898818,2.0,0
11622,0.0,0.0,0.823529411764706,0.7966101694915255,0.9868314986303708,0.9867588788973285,-0.361050281489052,2.0,-0.09179223588354683,1.0,0
15812,0.0,1.0,0.823529411764706,0.847457627118644,0.9868314986303708,0.9867588788973285,-0.361050281489052,2.0,-0.37744417946263503,2.0,0
13626,0.0,1.0,0.8823529411764705,0.8728813559322035,-0.0911224738051659,-0.0883662896012864,-0.361050281489052,2.0,-0.08194216886357827,1.0,0
3383,0.0,0.0,0.7058823529411765,0.6864406779661016,-1.1941785618001068,-1.6968723461103423,2.3265922358333446,0.0,-0.9191978655609057,0.0,1
7480,0.0,0.0,0.9999999999999999,1.0,0.9868314986303708,0.9867588788973285,-0.361050281489052,2.0,0.6568128576340636,1.0,0
13292,0.0,1.0,0.8823529411764705,0.8983050847457628,0.9868314986303708,0.9867588788973285,-0.361050281489052,2.0,0.981865069293026,2.0,0
6412,1.0,0.0,0.23529411764705876,0.22033898305084743,0.9868314986303708,0.9867588788973285,-0.361050281489052,1.0,-0.5153451177421948,1.0,0
16079,0.0,1.0,0.7647058823529412,0.7372881355932204,0.9868314986303708,0.9867588788973285,-0.361050281489052,2.0,-0.18044283906326386,1.0,0
13376,0.0,1.0,0.8823529411764705,0.8983050847457628,0.9868314986303708,0.9867588788973285,-0.361050281489052,2.0,0.3908610480949125,2.0,0
8582,0.0,0.0,0.7058823529411765,0.7118644067796611,0.9868314986303708,0.9867588788973285,-0.361050281489052,2.0,1.1493162086324915,1.0,0
8510,0.0,0.0,0.8823529411764705,0.8983050847457628,0.9868314986303708,0.9867588788973285,-0.361050281489052,2.0,0.5878623884942836,1.0,0
14151,0.0,1.0,0.7058823529411765,0.6864406779661016,-0.0911224738051659,-0.0883662896012864,-0.361050281489052,2.0,1.7107700287706993,1.0,0
14151,0.0,1.0,0.823529411764706,0.847457627118644,-0.0911224738051659,-0.0883662896012864,-0.361050281489052,2.0,1.6122693585710137,1.0,0
12119,0.0,0.0,0.11764705882352944,0.09322033898305082,-1.7041713906771967,-1.2113691208958397,-0.361050281489052,2.0,2.765958458284831,2.0,0
13628,1.0,0.0,0.05882352941176472,0.0423728813559322,0.9868314986303708,0.9867588788973285,-0.361050281489052,1.0,-0.554745385822069,1.0,0
2227,1.0,0.0,0.823529411764706,0.7966101694915255,-1.7041713906771967,-1.2113691208958397,-0.361050281489052,0.0,-1.066948870860434,0.0,1
10262,0.0,1.0,0.823529411764706,0.847457627118644,0.9868314986303708,0.9867588788973285,-0.361050281489052,2.0,1.3069172809519884,1.0,0
13377,0.0,0.0,0.7647058823529412,0.7372881355932204,0.9868314986303708,0.9867588788973285,-0.361050281489052,2.0,-0.3872942464826036,1.0,0
12898,0.0,1.0,0.7647058823529412,0.7372881355932204,0.9868314986303708,0.9867588788973285,-0.361050281489052,2.0,0.4598115172346924,1.0,0
4148,1.0,0.0,0.23529411764705876,0.22033898305084743,-0.0911224738051659,-0.0883662896012864,2.3265922358333446,0.0,-0.9191978655609057,0.0,1
3841,0.0,0.0,0.5882352941176471,0.5593220338983051,-0.0911224738051659,-0.0883662896012864,-0.3610502704585801,0.0,-0.9388979996008429,0.0,1
4435,0.0,0.0,0.17647058823529405,0.14406779661016955,-0.0911224738051659,-0.0883662896012864,-0.3610502704585801,0.0,-0.9388979996008429,0.0,1
4804,1.0,0.0,0.823529411764706,0.7966101694915255,-0.0911224738051659,-0.0883662896012864,-0.3610502704585801,0.0,-0.9388979996008429,0.0,1
10844,0.0,1.0,0.7058823529411765,0.6864406779661016,-0.0911224738051659,-0.0883662896012864,-0.361050281489052,2.0,0.19385970769554134,1.0,0
8586,0.0,1.0,0.5294117647058824,0.5169491525423728,-0.0911224738051659,-0.0883662896012864,-0.361050281489052,2.0,0.6174125895541893,1.0,0
13292,0.0,1.0,0.823529411764706,0.847457627118644,0.9868314986303708,0.9867588788973285,-0.361050281489052,2.0,0.5484621204144094,2.0,0
13355,0.0,0.0,0.0,0.016949152542372947,-1.1941785618001068,-1.2113691208958397,-0.361050281489052,2.0,0.5780123214743151,2.0,0
11516,0.0,0.0,0.2941176470588235,0.2627118644067796,-0.0911224738051659,-0.0883662896012864,-0.361050281489052,2.0,0.8144139299535604,2.0,0
13941,0.0,1.0,0.6470588235294118,0.6610169491525424,-0.0911224738051659,-0.0883662896012864,-0.361050281489052,2.0,0.19385970769554134,1.0,0
4409,0.0,0.0,0.5882352941176471,0.5593220338983051,-0.0911224738051659,-0.0883662896012864,-0.361050281489052,0.0,-0.9487480666208113,0.0,1
7229,0.0,1.0,0.7647058823529412,0.7372881355932204,-1.1941785618001068,-1.6968723461103423,-0.35809171854006194,1.0,-0.889647664501,0.0,1
3873,0.0,0.0,0.7058823529411765,0.6864406779661016,-0.0911224738051659,-0.0883662896012864,-0.361050281489052,0.0,-0.9487480666208113,0.0,1
6065,0.0,0.0,0.17647058823529405,0.1694915254237288,0.9868314986303708,0.9867588788973285,-0.361050281489052,1.0,-0.6335459219818175,1.0,0
3100,0.0,0.0,0.7058823529411765,0.6864406779661016,-1.7041713906771967,-1.2113691208958397,-0.361050281489052,0.0,-1.0767989378804026,0.0,1
4205,1.0,0.0,0.823529411764706,0.847457627118644,-0.0911224738051659,-0.0883662896012864,-0.361050281489052,1.0,-0.7221965251615345,1.0,0
5092,0.0,0.0,0.17647058823529405,0.1694915254237288,-1.1941785618001068,-1.2113691208958397,-0.361050281489052,2.0,1.247816878832177,1.0,0
4545,1.0,0.0,0.17647058823529405,0.14406779661016955,-1.1941785618001068,-1.2113691208958397,3.1222630417542074,0.0,-0.9093477985409372,0.0,1
12898,0.0,1.0,0.7058823529411765,0.6864406779661016,0.9868314986303708,0.9867588788973285,-0.361050281489052,2.0,1.3660176830717998,1.0,0
10262,0.0,1.0,0.7647058823529412,0.7796610169491525,0.9868314986303708,0.9867588788973285,-0.361050281489052,1.0,-0.6532460560217547,1.0,0
4160,0.0,1.0,0.11764705882352944,0.11864406779661019,-1.7041713906771967,-1.2113691208958397,-0.361050281489052,0.0,-1.066948870860434,0.0,1
9345,0.0,0.0,0.6470588235294118,0.6355932203389831,-0.0911224738051659,-0.0883662896012864,-0.361050281489052,2.0,0.13475930557573,1.0,0
14714,0.0,1.0,0.823529411764706,0.847457627118644,0.9868314986303708,0.9867588788973285,-0.361050281489052,1.0,-0.46609478264235205,1.0,0
6645,0.0,1.0,0.23529411764705876,0.22033898305084743,0.9868314986303708,0.9867588788973285,-0.361050281489052,2.0,1.2773670798920826,1.0,0
14714,0.0,1.0,0.8823529411764705,0.8728813559322035,0.9868314986303708,0.9867588788973285,-0.361050281489052,2.0,0.7356133937938121,1.0,0
4784,1.0,0.0,0.0,0.016949152542372947,-1.7041713906771967,-1.2113691208958397,-0.361050281489052,0.0,-1.0767989378804026,0.0,1
7480,0.0,0.0,0.8823529411764705,0.8983050847457628,0.9868314986303708,0.9867588788973285,-0.361050281489052,2.0,1.9865719053298188,1.0,0
6494,1.0,0.0,0.23529411764705876,0.22033898305084743,0.9868314986303708,0.9867588788973285,-0.361050281489052,2.0,-0.13119250396342105,2.0,0
27992,0.0,1.0,0.0,0.0,-1.1941785618001068,-1.2113691208958397,-0.361050281489052,2.0,0.33176064597510113,1.0,0
2575,0.0,0.0,0.23529411764705876,0.22033898305084743,-1.7041713906771967,-1.2113691208958397,-0.361050281489052,0.0,-1.0866490049003712,0.0,1
4284,1.0,0.0,0.5882352941176471,0.5593220338983051,-1.1941785618001068,-1.6968723461103423,2.3265922358333446,0.0,-0.9191978655609057,0.0,1
5192,0.0,0.0,0.2941176470588235,0.2627118644067796,-0.0911224738051659,-0.0883662896012864,-0.361050281489052,2.0,0.17415957365560422,1.0,0
3100,0.0,0.0,0.823529411764706,0.847457627118644,-1.7041713906771967,-1.2113691208958397,-0.361050281489052,0.0,-1.066948870860434,0.0,1
7171,0.0,0.0,0.6470588235294118,0.6610169491525424,-1.1941785618001068,-1.6968723461103423,2.3265922358333446,0.0,-0.9191978655609057,0.0,1
14151,0.0,1.0,0.7058823529411765,0.6864406779661016,-0.0911224738051659,-0.0883662896012864,-0.361050281489052,2.0,0.8735143320733718,1.0,0
5674,0.0,0.0,0.17647058823529405,0.1694915254237288,0.9868314986303708,0.9867588788973285,-0.35809171854006194,1.0,-0.889647664501,0.0,1
10844,0.0,1.0,0.823529411764706,0.847457627118644,-0.0911224738051659,-0.0883662896012864,-0.361050281489052,2.0,1.0212653373729002,1.0,0
11432,0.0,0.0,0.5882352941176471,0.5847457627118644,-0.0911224738051659,-0.0883662896012864,-0.361050281489052,2.0,0.1840096406755728,2.0,0
12898,0.0,1.0,0.9999999999999999,1.0,0.9868314986303708,0.9867588788973285,-0.361050281489052,2.0,-0.3577440454226979,1.0,0
3175,1.0,0.0,0.823529411764706,0.847457627118644,-1.7041713906771967,-1.2113691208958397,-0.361050281489052,0.0,-1.066948870860434,0.0,1
10577,0.0,1.0,0.8823529411764705,0.8728813559322035,0.9868314986303708,0.9867588788973285,-0.361050281489052,2.0,0.05595876941598153,1.0,0
4591,1.0,0.0,0.7058823529411765,0.7118644067796611,-1.1941785618001068,-1.6968723461103423,3.1222630417542074,0.0,-0.9093477985409372,0.0,1
14714,0.0,1.0,0.823529411764706,0.7966101694915255,0.9868314986303708,0.9867588788973285,-0.361050281489052,2.0,-0.062242034823641164,1.0,0
8372,0.0,0.0,0.823529411764706,0.847457627118644,0.9868314986303708,0.9867588788973285,-0.361050281489052,2.0,1.5039186213513596,1.0,0
4174,1.0,0.0,0.3529411764705882,0.35593220338983056,-0.0911224738051659,-0.0883662896012864,-0.3610502704585801,0.0,-0.9388979996008429,0.0,1
7178,0.0,0.0,0.17647058823529405,0.1694915254237288,0.9868314986303708,0.9867588788973285,-0.361050281489052,2.0,0.12490923855576144,2.0,0
12242,0.0,1.0,0.23529411764705876,0.22033898305084743,0.9868314986303708,0.9867588788973285,-0.361050281489052,2.0,1.848670967050259,1.0,0
20064,0.0,1.0,0.0,0.016949152542372947,0.9868314986303708,0.9867588788973285,-0.361050281489052,2.0,2.765958458284831,2.0,0
10262,0.0,1.0,0.9999999999999999,1.0,0.9868314986303708,0.9867588788973285,-0.361050281489052,2.0,-0.3577440454226979,1.0,0
5678,0.0,1.0,0.823529411764706,0.8220338983050848,-1.7041713906771967,-1.2113691208958397,-0.361050281489052,0.0,-1.066948870860434,0.0,1
5601,1.0,0.0,0.7058823529411765,0.6864406779661016,0.9868314986303708,0.9867588788973285,-0.361050281489052,1.0,-0.8600974634410944,0.0,1
10844,0.0,1.0,0.7058823529411765,0.6864406779661016,-0.0911224738051659,-0.0883662896012864,-0.361050281489052,2.0,1.0212653373729002,1.0,0
13832,0.0,0.0,0.05882352941176472,0.0423728813559322,0.9868314986303708,0.9867588788973285,-0.361050281489052,2.0,1.2281167447922399,1.0,0
10844,0.0,1.0,0.823529411764706,0.8220338983050848,-0.0911224738051659,-0.0883662896012864,-0.361050281489052,2.0,1.15916627565246,1.0,0
5469,0.0,0.0,0.11764705882352944,0.11864406779661019,-1.1941785618001068,-1.2113691208958397,3.1222630417542074,0.0,-0.9093477985409372,0.0,1
15078,0.0,0.0,0.05882352941176472,0.0423728813559322,0.9868314986303708,0.9867588788973285,-0.361050281489052,2.0,0.17415957365560422,1.0,0
4174,0.0,0.0,0.5294117647058824,0.5169491525423728,-0.0911224738051659,-0.0883662896012864,-0.361050281489052,0.0,-0.95859813364078,0.0,1
12373,0.0,1.0,0.6470588235294118,0.6610169491525424,0.9868314986303708,0.9867588788973285,-0.361050281489052,2.0,-0.062242034823641164,1.0,0
10262,0.0,1.0,0.8823529411764705,0.8983050847457628,0.9868314986303708,0.9867588788973285,-0.361050281489052,2.0,1.7698704308905107,1.0,0
9899,0.0,1.0,0.8823529411764705,0.8728813559322035,-0.0911224738051659,-0.0883662896012864,-0.361050281489052,2.0,-0.3084937103228551,1.0,0
7005,0.0,0.0,0.8823529411764705,0.8983050847457628,0.9868314986303708,0.9867588788973285,-0.361050281489052,2.0,0.2037097747155099,1.0,0
12373,0.0,1.0,0.6470588235294118,0.6610169491525424,0.9868314986303708,0.9867588788973285,-0.361050281489052,2.0,1.5433188894312337,1.0,0
7318,1.0,0.0,0.7058823529411765,0.6864406779661016,0.9868314986303708,0.9867588788973285,-0.361050281489052,2.0,0.14460937259569856,1.0,0
14571,0.0,1.0,0.7058823529411765,0.7118644067796611,-0.0911224738051659,-0.0883662896012864,-0.361050281489052,2.0,-0.12134243694345251,1.0,0
6297,0.0,0.0,0.6470588235294118,0.6610169491525424,0.9868314986303708,0.9867588788973285,-0.361050281489052,1.0,-0.623695854961849,1.0,0
13364,0.0,1.0,0.2941176470588235,0.2627118644067796,-0.0911224738051659,-0.0883662896012864,-0.361050281489052,2.0,-0.4562447156223835,1.0,0
3841,0.0,0.0,0.8823529411764705,0.8983050847457628,-0.0911224738051659,-0.0883662896012864,-0.3610502704585801,0.0,-0.9388979996008429,0.0,1
6010,0.0,0.0,0.17647058823529405,0.1694915254237288,-1.1941785618001068,-1.2113691208958397,-0.361050281489052,2.0,1.7501702968505735,1.0,0
4544,0.0,1.0,0.3529411764705882,0.3305084745762712,-1.1941785618001068,-1.6968723461103423,-0.35809171854006194,1.0,-0.889647664501,0.0,1
3873,0.0,0.0,0.3529411764705882,0.35593220338983056,-0.0911224738051659,-0.0883662896012864,-0.361050281489052,0.0,-0.95859813364078,0.0,1
9916,0.0,0.0,0.3529411764705882,0.3305084745762712,0.9868314986303708,0.9867588788973285,-0.361050281489052,2.0,1.4743684202914538,2.0,0
9923,0.0,0.0,0.17647058823529405,0.19491525423728817,-0.0911224738051659,-0.0883662896012864,-0.361050281489052,2.0,-0.3872942464826036,1.0,0
4959,0.0,0.0,0.823529411764706,0.7966101694915255,0.9868314986303708,0.9867588788973285,-0.361050281489052,2.0,-0.18044283906326386,1.0,0
6386,1.0,0.0,0.8823529411764705,0.8728813559322035,0.9868314986303708,0.9867588788973285,-0.361050281489052,1.0,-0.5645954528420376,1.0,0
5443,0.0,1.0,0.4117647058823529,0.4067796610169492,0.9868314986303708,0.9867588788973285,-0.361050281489052,1.0,-0.8600974634410944,0.0,1
13044,0.0,1.0,0.8823529411764705,0.8728813559322035,-0.0911224738051659,-0.0883662896012864,-0.361050281489052,2.0,1.7009199617507307,1.0,0
5406,0.0,1.0,0.2941176470588235,0.2627118644067796,0.9868314986303708,0.9867588788973285,-0.361050281489052,2.0,0.9227646671732146,1.0,0
5277,1.0,0.0,0.823529411764706,0.8220338983050848,-1.7041713906771967,-1.2113691208958397,-0.361050281489052,0.0,-0.9684482006607484,0.0,1
8907,0.0,0.0,0.9999999999999999,0.9745762711864407,0.9868314986303708,0.9867588788973285,-0.361050281489052,2.0,-0.12134243694345251,1.0,0
10031,0.0,1.0,0.17647058823529405,0.19491525423728817,-0.0911224738051659,-0.0883662896012864,-0.361050281489052,2.0,1.1887164767123657,1.0,0
5678,0.0,1.0,0.17647058823529405,0.19491525423728817,-1.7041713906771967,-1.2113691208958397,-0.361050281489052,0.0,-1.066948870860434,0.0,1
1965,0.0,0.0,0.823529411764706,0.7966101694915255,-1.7041713906771967,-1.2113691208958397,-0.361050281489052,0.0,-1.066948870860434,0.0,1
25735,0.0,1.0,0.0,0.0,-1.1941785618001068,-1.2113691208958397,-0.361050281489052,2.0,1.336467482011894,1.0,0
5510,0.0,0.0,0.7058823529411765,0.6864406779661016,-0.0911224738051659,-0.0883662896012864,-0.361050281489052,0.0,-0.9487480666208113,0.0,1
4423,1.0,0.0,0.47058823529411764,0.48305084745762716,-1.1941785618001068,-1.6968723461103423,3.1222630417542074,0.0,-0.9093477985409372,0.0,1
15147,0.0,0.0,0.05882352941176472,0.0423728813559322,0.9868314986303708,0.9867588788973285,-0.361050281489052,2.0,0.5583121874343779,1.0,0
9125,0.0,0.0,0.0,0.0,-1.7041713906771967,-1.2113691208958397,-0.361050281489052,0.0,-0.978298267680717,0.0,1
13387,0.0,0.0,0.11764705882352944,0.09322033898305082,-1.1941785618001068,-1.2113691208958397,-0.361050281489052,2.0,2.765958458284831,3.0,0
7198,0.0,0.0,0.823529411764706,0.8220338983050848,0.9868314986303708,0.9867588788973285,-0.361050281489052,2.0,-0.2395432411830752,1.0,0
8479,0.0,0.0,0.5294117647058824,0.5169491525423728,-0.0911224738051659,-0.0883662896012864,-0.361050281489052,2.0,-0.3872942464826036,1.0,0
13014,0.0,1.0,0.8823529411764705,0.8983050847457628,0.9868314986303708,0.9867588788973285,-0.361050281489052,2.0,0.9720150022730574,2.0,0
6643,0.0,1.0,0.17647058823529405,0.1694915254237288,0.9868314986303708,0.9867588788973285,-0.361050281489052,2.0,1.5531689564512023,2.0,0
14781,0.0,1.0,0.6470588235294118,0.6355932203389831,-0.0911224738051659,-0.0883662896012864,-0.361050281489052,2.0,-0.08194216886357827,1.0,0
4591,1.0,0.0,0.5882352941176471,0.6101694915254237,-1.1941785618001068,-1.6968723461103423,3.1222630417542074,0.0,-0.9093477985409372,0.0,1
7575,0.0,0.0,0.5882352941176471,0.5847457627118644,0.9868314986303708,0.9867588788973285,-0.361050281489052,2.0,-0.2198431071431381,1.0,0
14781,0.0,1.0,0.5882352941176471,0.5847457627118644,-0.0911224738051659,-0.0883662896012864,-0.361050281489052,2.0,-0.40699438052254067,1.0,0
3873,0.0,0.0,0.3529411764705882,0.3305084745762712,-0.0911224738051659,-0.0883662896012864,-0.361050281489052,0.0,-0.9487480666208113,0.0,1
3858,1.0,0.0,0.9411764705882352,0.923728813559322,-1.7041713906771967,-1.2113691208958397,-0.361050281489052,0.0,-0.95859813364078,0.0,1
22294,0.0,1.0,0.11764705882352944,0.09322033898305082,-1.7041713906771967,-1.2113691208958397,-0.361050281489052,2.0,0.3613108470350068,1.0,0
5515,0.0,0.0,0.05882352941176472,0.06779661016949157,-0.0911224738051659,-0.0883662896012864,-0.361050281489052,0.0,-0.9487480666208113,0.0,1
5073,1.0,0.0,0.23529411764705876,0.22033898305084743,0.9868314986303708,0.9867588788973285,-0.361050281489052,1.0,-0.6532460560217547,1.0,0
13014,0.0,1.0,0.823529411764706,0.8220338983050848,0.9868314986303708,0.9867588788973285,-0.361050281489052,2.0,0.9720150022730574,2.0,0
7229,0.0,1.0,0.4117647058823529,0.3813559322033898,-1.1941785618001068,-1.6968723461103423,-0.35809171854006194,1.0,-0.889647664501,0.0,1
3175,1.0,0.0,0.11764705882352944,0.11864406779661019,-1.7041713906771967,-1.2113691208958397,-0.361050281489052,0.0,-1.066948870860434,0.0,1
16736,0.0,1.0,0.05882352941176472,0.0423728813559322,-1.1941785618001068,-1.2113691208958397,-0.361050281489052,2.0,0.5681622544543465,1.0,0
4777,1.0,0.0,0.05882352941176472,0.06779661016949157,-1.1941785618001068,-1.2113691208958397,3.1222630417542074,0.0,-0.9093477985409372,0.0,1
7408,0.0,0.0,0.823529411764706,0.847457627118644,0.9868314986303708,0.9867588788973285,-0.361050281489052,2.0,0.05595876941598153,1.0,0
10651,0.0,0.0,0.7647058823529412,0.7796610169491525,0.9868314986303708,0.9867588788973285,-0.361050281489052,1.0,-0.6335459219818175,1.0,0
10844,0.0,1.0,0.5882352941176471,0.5847457627118644,-0.0911224738051659,-0.0883662896012864,-0.361050281489052,1.0,-0.5645954528420376,1.0,0
8907,0.0,0.0,0.7647058823529412,0.7796610169491525,0.9868314986303708,0.9867588788973285,-0.361050281489052,2.0,-0.12134243694345251,1.0,0
14781,0.0,1.0,0.5882352941176471,0.5593220338983051,-0.0911224738051659,-0.0883662896012864,-0.361050281489052,1.0,-0.5251951847621634,1.0,0
14388,0.0,1.0,0.5882352941176471,0.5593220338983051,-0.0911224738051659,-0.0883662896012864,-0.361050281489052,2.0,0.33176064597510113,1.0,0
5769,0.0,1.0,0.9999999999999999,0.9745762711864407,-1.1941785618001068,-1.6968723461103423,-0.35809171854006194,1.0,-0.889647664501,0.0,1
10262,0.0,1.0,0.823529411764706,0.847457627118644,0.9868314986303708,0.9867588788973285,-0.361050281489052,2.0,1.0114152703529316,1.0,0
13591,0.0,0.0,0.823529411764706,0.8220338983050848,0.9868314986303708,0.9867588788973285,-0.361050281489052,2.0,2.163873111689253,2.0,0
14781,0.0,1.0,0.5882352941176471,0.6101694915254237,-0.0911224738051659,-0.0883662896012864,-0.361050281489052,2.0,-0.12134243694345251,1.0,0
11982,0.0,0.0,0.7647058823529412,0.7796610169491525,-1.7041713906771967,-1.2113691208958397,-0.361050281489052,0.0,-0.9684482006607484,0.0,1
7980,0.0,0.0,0.2941176470588235,0.2627118644067796,-0.0911224738051659,-0.0883662896012864,-0.361050281489052,2.0,0.26281017683532126,1.0,0
4174,1.0,0.0,0.2941176470588235,0.30508474576271194,-0.0911224738051659,-0.0883662896012864,-0.361050281489052,0.0,-0.9487480666208113,0.0,1
8425,0.0,0.0,0.7647058823529412,0.7372881355932204,0.9868314986303708,0.9867588788973285,-0.361050281489052,2.0,1.7797204979104793,1.0,0
13727,0.0,0.0,0.6470588235294118,0.6355932203389831,0.9868314986303708,0.9867588788973285,-0.361050281489052,2.0,0.23325997577541557,1.0,0
9646,0.0,0.0,0.9999999999999999,0.9745762711864407,0.9868314986303708,0.9867588788973285,-0.361050281489052,1.0,-0.48579491668228914,1.0,0
8040,0.0,1.0,0.9411764705882352,0.923728813559322,-1.7041713906771967,-1.2113691208958397,-0.361050281489052,0.0,-1.066948870860434,0.0,1
11467,0.0,1.0,0.6470588235294118,0.6355932203389831,-0.0911224738051659,-0.0883662896012864,-0.361050281489052,2.0,1.2872171469120512,1.0,0
4668,0.0,0.0,0.6470588235294118,0.6355932203389831,-1.1941785618001068,-1.6968723461103423,-0.35809171854006194,0.0,-0.9290479325808743,0.0,1
14151,0.0,1.0,0.6470588235294118,0.6355932203389831,-0.0911224738051659,-0.0883662896012864,-0.361050281489052,2.0,1.9668717712898818,1.0,0
5397,1.0,0.0,0.11764705882352944,0.11864406779661019,-1.1941785618001068,-1.2113691208958397,-0.361050281489052,1.0,-0.6630961230417232,1.0,0
4990,1.0,0.0,0.4117647058823529,0.4067796610169492,-1.1941785618001068,-1.6968723461103423,3.1222630417542074,0.0,-0.9093477985409372,0.0,1
10151,0.0,0.0,0.5294117647058824,0.5169491525423728,-0.0911224738051659,-0.0883662896012864,-0.361050281489052,2.0,1.109915940552617,2.0,0
4030,0.0,1.0,0.5294117647058824,0.5169491525423728,-1.1941785618001068,-1.6968723461103423,2.3265922358333446,0.0,-0.8994977315209686,0.0,1
21226,0.0,0.0,0.0,0.016949152542372947,0.9868314986303708,0.9867588788973285,-0.361050281489052,2.0,-0.11149236992348395,1.0,0
5069,1.0,0.0,0.2941176470588235,0.2627118644067796,-0.0911224738051659,-0.0883662896012864,-0.361050281489052,1.0,-0.6729461900616918,1.0,0
12898,0.0,1.0,0.7058823529411765,0.6864406779661016,0.9868314986303708,0.9867588788973285,-0.361050281489052,2.0,0.7454634608137806,1.0,0
14781,0.0,1.0,0.6470588235294118,0.6610169491525424,-0.0911224738051659,-0.0883662896012864,-0.361050281489052,2.0,-0.40699438052254067,1.0,0
11707,0.0,0.0,0.11764705882352944,0.09322033898305082,-1.1941785618001068,-1.2113691208958397,-0.361050281489052,2.0,1.247816878832177,1.0,0
6686,0.0,0.0,0.823529411764706,0.8220338983050848,-0.0911224738051659,-0.0883662896012864,-0.361050281489052,2.0,-0.2690934422429809,1.0,0
3841,0.0,0.0,0.823529411764706,0.8220338983050848,-0.0911224738051659,-0.0883662896012864,-0.361050281489052,0.0,-0.95859813364078,0.0,1
6300,0.0,0.0,0.11764705882352944,0.09322033898305082,-1.7041713906771967,-1.2113691208958397,-0.361050281489052,0.0,-0.978298267680717,0.0,1
16108,0.0,0.0,0.7647058823529412,0.7796610169491525,0.9868314986303708,0.9867588788973285,-0.361050281489052,2.0,-0.15089263800335817,1.0,0
8452,0.0,0.0,0.7058823529411765,0.6864406779661016,-0.0911224738051659,-0.0883662896012864,-0.361050281489052,2.0,1.8191207659903534,1.0,0
8714,0.0,0.0,0.11764705882352944,0.11864406779661019,-1.1941785618001068,-1.2113691208958397,-0.361050281489052,2.0,-0.43654458158244636,1.0,0
16079,0.0,1.0,0.7647058823529412,0.7372881355932204,0.9868314986303708,0.9867588788973285,-0.361050281489052,2.0,-0.3577440454226979,1.0,0
13292,0.0,1.0,0.8823529411764705,0.8728813559322035,0.9868314986303708,0.9867588788973285,-0.361050281489052,2.0,0.3514607800150383,2.0,0
9001,0.0,0.0,0.823529411764706,0.7966101694915255,0.9868314986303708,0.9867588788973285,-0.361050281489052,2.0,-0.34789397840272934,1.0,0
6416,1.0,0.0,0.823529411764706,0.8220338983050848,0.9868314986303708,0.9867588788973285,-0.361050281489052,2.0,0.23325997577541557,1.0,0
13292,0.0,1.0,0.9999999999999999,0.9745762711864407,0.9868314986303708,0.9867588788973285,-0.361050281489052,2.0,0.3514607800150383,2.0,0
11848,0.0,1.0,0.05882352941176472,0.06779661016949157,0.9868314986303708,0.9867588788973285,-0.361050281489052,2.0,-0.2198431071431381,1.0,0
7888,0.0,0.0,0.7058823529411765,0.6864406779661016,0.9868314986303708,0.9867588788973285,-0.361050281489052,2.0,0.5878623884942836,1.0,0
13014,0.0,1.0,0.823529411764706,0.847457627118644,0.9868314986303708,0.9867588788973285,-0.361050281489052,2.0,-0.14104257098338963,2.0,0
3543,0.0,0.0,0.7058823529411765,0.7118644067796611,-1.7041713906771967,-1.2113691208958397,-0.361050281489052,0.0,-0.978298267680717,0.0,1
8033,1.0,0.0,0.11764705882352944,0.11864406779661019,-1.1941785618001068,-1.2113691208958397,3.1222630417542074,0.0,-0.9093477985409372,0.0,1
18260,0.0,0.0,0.05882352941176472,0.06779661016949157,0.9868314986303708,0.9867588788973285,-0.361050281489052,2.0,0.0165585013361073,1.0,0
5000,1.0,0.0,0.9999999999999999,0.9745762711864407,0.9868314986303708,0.9867588788973285,-0.361050281489052,1.0,-0.8600974634410944,0.0,1
13401,0.0,1.0,0.823529411764706,0.847457627118644,-0.0911224738051659,-0.0883662896012864,-0.361050281489052,2.0,1.3069172809519884,1.0,0
7480,0.0,0.0,0.7058823529411765,0.6864406779661016,0.9868314986303708,0.9867588788973285,-0.361050281489052,2.0,0.26281017683532126,1.0,0
6478,0.0,1.0,0.823529411764706,0.8220338983050848,-1.1941785618001068,-1.6968723461103423,-0.35809171854006194,1.0,-0.889647664501,0.0,1
3597,0.0,0.0,0.7058823529411765,0.7118644067796611,-1.7041713906771967,-1.2113691208958397,-0.361050281489052,0.0,-0.978298267680717,0.0,1
18799,0.0,1.0,0.0,0.016949152542372947,0.9868314986303708,0.9867588788973285,-0.361050281489052,2.0,1.4743684202914538,2.0,0
6094,0.0,0.0,0.6470588235294118,0.6355932203389831,0.9868314986303708,0.9867588788973285,-0.3610502704585801,1.0,-0.8797975974810315,0.0,1
4804,1.0,0.0,0.47058823529411764,0.4576271186440678,-0.0911224738051659,-0.0883662896012864,-0.35809171854006194,0.0,-0.9290479325808743,0.0,1
4423,1.0,0.0,0.47058823529411764,0.48305084745762716,-1.1941785618001068,-1.6968723461103423,2.3265922358333446,0.0,-0.9191978655609057,0.0,1
10262,0.0,1.0,0.823529411764706,0.8220338983050848,0.9868314986303708,0.9867588788973285,-0.361050281489052,2.0,-0.16074270502332674,1.0,0
13748,0.0,0.0,0.0,0.016949152542372947,0.9868314986303708,0.9867588788973285,-0.361050281489052,2.0,2.765958458284831,2.0,0
10262,0.0,1.0,0.9999999999999999,0.9745762711864407,0.9868314986303708,0.9867588788973285,-0.361050281489052,2.0,2.0161221063897243,1.0,0
6093,0.0,0.0,0.47058823529411764,0.48305084745762716,0.9868314986303708,0.9867588788973285,-0.361050281489052,2.0,-0.18044283906326386,1.0,0
5613,0.0,0.0,0.4117647058823529,0.43220338983050854,-1.1941785618001068,-1.6968723461103423,-0.3610502704585801,0.0,-0.9388979996008429,0.0,1
13067,0.0,1.0,0.5882352941176471,0.5847457627118644,-0.0911224738051659,-0.0883662896012864,-0.361050281489052,2.0,2.075222508509536,1.0,0
7202,0.0,1.0,0.8823529411764705,0.8983050847457628,0.9868314986303708,0.9867588788973285,-0.361050281489052,1.0,-0.8600974634410944,0.0,1
16289,0.0,1.0,0.05882352941176472,0.06779661016949157,0.9868314986303708,0.9867588788973285,-0.361050281489052,2.0,1.6615196936708565,1.0,0
14298,0.0,0.0,0.5882352941176471,0.5593220338983051,-0.0911224738051659,-0.0883662896012864,-0.361050281489052,2.0,1.5925692245310765,2.0,0
8476,0.0,0.0,0.6470588235294118,0.6610169491525424,0.9868314986303708,0.9867588788973285,-0.361050281489052,2.0,-0.0031416327038298153,1.0,0
5054,1.0,0.0,0.7058823529411765,0.6864406779661016,0.9868314986303708,0.9867588788973285,-0.361050281489052,1.0,-0.7024963911215975,1.0,0
3383,0.0,0.0,0.5882352941176471,0.6101694915254237,-1.1941785618001068,-1.6968723461103423,2.3265922358333446,0.0,-0.9191978655609057,0.0,1
9345,0.0,0.0,0.5294117647058824,0.5169491525423728,-0.0911224738051659,-0.0883662896012864,-0.361050281489052,2.0,0.13475930557573,1.0,0
2227,1.0,0.0,0.7647058823529412,0.7796610169491525,-1.7041713906771967,-1.2113691208958397,-0.361050281489052,0.0,-1.0570988038404654,0.0,1
5281,0.0,0.0,0.823529411764706,0.847457627118644,0.9868314986303708,0.9867588788973285,-0.361050281489052,2.0,-0.18044283906326386,1.0,0
4591,1.0,0.0,0.4117647058823529,0.43220338983050854,-1.1941785618001068,-1.6968723461103423,2.3265922358333446,0.0,-0.9191978655609057,0.0,1
12395,0.0,0.0,0.05882352941176472,0.0423728813559322,-1.7041713906771967,-1.2113691208958397,-0.361050281489052,2.0,0.23325997577541557,1.0,0
12744,0.0,0.0,0.823529411764706,0.847457627118644,-0.0911224738051659,-0.0883662896012864,-0.361050281489052,2.0,1.050815538432806,2.0,0
10844,0.0,1.0,0.7058823529411765,0.6864406779661016,-0.0911224738051659,-0.0883662896012864,-0.361050281489052,2.0,1.5728690904911395,1.0,0
6860,1.0,0.0,0.05882352941176472,0.06779661016949157,-1.1941785618001068,-1.2113691208958397,3.1222630417542074,0.0,-0.9093477985409372,0.0,1
14781,0.0,1.0,0.6470588235294118,0.6610169491525424,-0.0911224738051659,-0.0883662896012864,-0.361050281489052,2.0,0.23325997577541557,1.0,0
10262,0.0,1.0,0.9999999999999999,0.9745762711864407,0.9868314986303708,0.9867588788973285,-0.361050281489052,2.0,1.1887164767123657,1.0,0
13626,0.0,1.0,0.8823529411764705,0.8728813559322035,-0.0911224738051659,-0.0883662896012864,-0.361050281489052,2.0,-0.2395432411830752,1.0,0
6152,0.0,0.0,0.8823529411764705,0.8728813559322035,0.9868314986303708,0.9867588788973285,-0.361050281489052,2.0,-0.31834377734282365,1.0,0
4049,1.0,0.0,0.2941176470588235,0.2796610169491526,-1.7041713906771967,-1.2113691208958397,-0.361050281489052,0.0,-1.066948870860434,0.0,1
13014,0.0,1.0,0.7647058823529412,0.7796610169491525,0.9868314986303708,0.9867588788973285,-0.361050281489052,2.0,-0.1902929060832324,2.0,0
16914,0.0,1.0,0.05882352941176472,0.0423728813559322,0.9868314986303708,0.9867588788973285,-0.361050281489052,2.0,1.4743684202914538,2.0,0
2017,0.0,0.0,0.8823529411764705,0.8983050847457628,-1.7041713906771967,-1.2113691208958397,-0.361050281489052,0.0,-1.066948870860434,0.0,1
8266,0.0,0.0,0.7058823529411765,0.6864406779661016,0.9868314986303708,0.9867588788973285,-0.361050281489052,1.0,-0.48579491668228914,1.0,0
8586,0.0,1.0,0.6470588235294118,0.6610169491525424,-0.0911224738051659,-0.0883662896012864,-0.361050281489052,2.0,0.06580883643595009,1.0,0
6093,0.0,0.0,0.8823529411764705,0.8983050847457628,0.9868314986303708,0.9867588788973285,-0.361050281489052,2.0,-0.18044283906326386,1.0,0
15554,0.0,1.0,0.5882352941176471,0.5593220338983051,0.9868314986303708,0.9867588788973285,-0.361050281489052,1.0,-0.5842955868819747,1.0,0
12692,0.0,1.0,0.823529411764706,0.8220338983050848,-0.0911224738051659,-0.0883662896012864,-0.361050281489052,2.0,0.33176064597510113,1.0,0
4804,1.0,0.0,0.9411764705882352,0.923728813559322,-0.0911224738051659,-0.0883662896012864,-0.361050281489052,0.0,-0.9487480666208113,0.0,1
3625,0.0,0.0,0.7058823529411765,0.7118644067796611,-1.1941785618001068,-1.6968723461103423,3.1222630417542074,0.0,-0.9093477985409372,0.0,1
3841,0.0,0.0,0.2941176470588235,0.2627118644067796,-0.0911224738051659,-0.0883662896012864,-0.361050281489052,0.0,-0.9487480666208113,0.0,1
13344,0.0,1.0,0.823529411764706,0.847457627118644,0.9868314986303708,0.9867588788973285,-0.361050281489052,2.0,-0.40699438052254067,2.0,0
13941,0.0,1.0,0.6470588235294118,0.6610169491525424,-0.0911224738051659,-0.0883662896012864,-0.361050281489052,1.0,-0.5054950507222262,1.0,0
12592,0.0,0.0,0.7058823529411765,0.7118644067796611,-0.0911224738051659,-0.0883662896012864,-0.361050281489052,2.0,2.1047727095694415,2.0,0
17024,0.0,1.0,0.05882352941176472,0.0423728813559322,0.9868314986303708,0.9867588788973285,-0.361050281489052,2.0,-0.37744417946263503,1.0,0
12384,0.0,1.0,0.7058823529411765,0.6864406779661016,-0.0911224738051659,-0.0883662896012864,-0.361050281489052,2.0,-0.11149236992348395,1.0,0
12723,0.0,0.0,0.823529411764706,0.8220338983050848,-0.0911224738051659,-0.0883662896012864,-0.361050281489052,2.0,2.380574586128561,2.0,0
4148,1.0,0.0,0.23529411764705876,0.22033898305084743,-0.0911224738051659,-0.0883662896012864,3.1222630417542074,0.0,-0.9093477985409372,0.0,1
12373,0.0,1.0,0.6470588235294118,0.6610169491525424,0.9868314986303708,0.9867588788973285,-0.361050281489052,2.0,1.563019023471171,1.0,0
8529,0.0,1.0,0.8823529411764705,0.8728813559322035,-0.0911224738051659,-0.0883662896012864,-0.361050281489052,2.0,0.33176064597510113,1.0,0
11098,0.0,0.0,0.7647058823529412,0.7796610169491525,0.9868314986303708,0.9867588788973285,-0.361050281489052,2.0,0.42041124915481815,1.0,0
11883,0.0,0.0,0.5882352941176471,0.5593220338983051,-0.0911224738051659,-0.0883662896012864,-0.361050281489052,2.0,0.8144139299535604,2.0,0
3597,0.0,0.0,0.5294117647058824,0.5169491525423728,-1.7041713906771967,-1.2113691208958397,-0.361050281489052,0.0,-0.978298267680717,0.0,1
7845,0.0,0.0,0.23529411764705876,0.22033898305084743,0.9868314986303708,0.9867588788973285,-0.361050281489052,2.0,-0.37744417946263503,1.0,0
4777,1.0,0.0,0.17647058823529405,0.19491525423728817,-1.1941785618001068,-1.2113691208958397,3.1222630417542074,0.0,-0.9093477985409372,0.0,1
3625,0.0,0.0,0.5294117647058824,0.5338983050847457,-1.1941785618001068,-1.6968723461103423,-0.35809171854006194,0.0,-0.9290479325808743,0.0,1
3543,0.0,0.0,0.9999999999999999,1.0,-1.7041713906771967,-1.2113691208958397,-0.361050281489052,0.0,-0.978298267680717,0.0,1
14714,0.0,1.0,0.823529411764706,0.7966101694915255,0.9868314986303708,0.9867588788973285,-0.361050281489052,2.0,0.223409908755447,1.0,0
7258,1.0,0.0,0.7647058823529412,0.7796610169491525,0.9868314986303708,0.9867588788973285,-0.361050281489052,2.0,0.14460937259569856,1.0,0
10262,0.0,1.0,0.7647058823529412,0.7796610169491525,0.9868314986303708,0.9867588788973285,-0.361050281489052,2.0,-0.3577440454226979,1.0,0
2754,1.0,0.0,0.5882352941176471,0.5593220338983051,-1.7041713906771967,-1.2113691208958397,-0.361050281489052,0.0,-1.066948870860434,0.0,1
6144,1.0,0.0,0.0,0.016949152542372947,-1.1941785618001068,-1.2113691208958397,2.3265922358333446,0.0,-0.9191978655609057,0.0,1
15107,0.0,0.0,0.7058823529411765,0.7118644067796611,-0.0911224738051659,-0.0883662896012864,-0.361050281489052,2.0,1.050815538432806,2.0,0
13727,0.0,0.0,0.6470588235294118,0.6610169491525424,0.9868314986303708,0.9867588788973285,-0.361050281489052,2.0,0.17415957365560422,1.0,0
10493,0.0,0.0,0.823529411764706,0.7966101694915255,0.9868314986303708,0.9867588788973285,-0.361050281489052,2.0,2.765958458284831,3.0,0
3419,1.0,0.0,0.7058823529411765,0.7118644067796611,-1.1941785618001068,-1.6968723461103423,2.3265922358333446,0.0,-0.9191978655609057,0.0,1
3807,0.0,0.0,0.8823529411764705,0.8728813559322035,-0.0911224738051659,-0.0883662896012864,-0.3610502704585801,0.0,-0.9388979996008429,0.0,1
13873,0.0,0.0,0.5882352941176471,0.5593220338983051,-0.0911224738051659,-0.0883662896012864,-0.361050281489052,2.0,0.5681622544543465,2.0,0
15318,0.0,1.0,0.823529411764706,0.8220338983050848,0.9868314986303708,0.9867588788973285,-0.361050281489052,2.0,-0.24939330820304376,2.0,0
5684,1.0,0.0,0.9999999999999999,1.0,0.9868314986303708,0.9867588788973285,-0.361050281489052,2.0,0.42041124915481815,1.0,0
10741,0.0,0.0,0.05882352941176472,0.06779661016949157,-1.1941785618001068,-1.2113691208958397,2.3265922358333446,0.0,-0.9191978655609057,0.0,1
15103,0.0,1.0,0.05882352941176472,0.0423728813559322,0.9868314986303708,0.9867588788973285,-0.361050281489052,1.0,-0.554745385822069,1.0,0
11185,0.0,0.0,0.823529411764706,0.847457627118644,0.9868314986303708,0.9867588788973285,-0.361050281489052,2.0,1.8683711010901962,2.0,0
4544,0.0,1.0,0.2941176470588235,0.2796610169491526,-1.1941785618001068,-1.6968723461103423,-0.3610502704585801,1.0,-0.8797975974810315,0.0,1
4990,1.0,0.0,0.3529411764705882,0.35593220338983056,-1.1941785618001068,-1.6968723461103423,3.1222630417542074,0.0,-0.9093477985409372,0.0,1
17024,0.0,1.0,0.05882352941176472,0.0423728813559322,0.9868314986303708,0.9867588788973285,-0.361050281489052,2.0,1.2872171469120512,1.0,0
2754,1.0,0.0,0.5882352941176471,0.6101694915254237,-1.7041713906771967,-1.2113691208958397,-0.361050281489052,0.0,-1.066948870860434,0.0,1
11911,0.0,0.0,0.823529411764706,0.7966101694915255,0.9868314986303708,0.9867588788973285,-0.361050281489052,2.0,0.9227646671732146,2.0,0
18804,0.0,1.0,0.9999999999999999,0.9745762711864407,0.9868314986303708,0.9867588788973285,-0.361050281489052,2.0,-0.37744417946263503,2.0,0
6270,0.0,0.0,0.9999999999999999,1.0,0.9868314986303708,0.9867588788973285,-0.361050281489052,2.0,0.5484621204144094,1.0,0
14714,0.0,1.0,0.823529411764706,0.847457627118644,0.9868314986303708,0.9867588788973285,-0.361050281489052,2.0,-0.3577440454226979,1.0,0
1965,0.0,0.0,0.823529411764706,0.8220338983050848,-1.7041713906771967,-1.2113691208958397,-0.361050281489052,0.0,-1.066948870860434,0.0,1
9663,0.0,1.0,0.7058823529411765,0.6864406779661016,-0.0911224738051659,-0.0883662896012864,-0.361050281489052,1.0,-0.5941456539019433,1.0,0
12121,0.0,1.0,0.5294117647058824,0.5169491525423728,-0.0911224738051659,-0.0883662896012864,-0.361050281489052,2.0,2.075222508509536,1.0,0
4823,1.0,0.0,0.2941176470588235,0.2796610169491526,-1.1941785618001068,-1.6968723461103423,-0.35809171854006194,1.0,-0.889647664501,0.0,1
7670,0.0,0.0,0.6470588235294118,0.6610169491525424,0.9868314986303708,0.9867588788973285,-0.361050281489052,1.0,-0.4759448496623206,1.0,0
14714,0.0,1.0,0.8823529411764705,0.8983050847457628,0.9868314986303708,0.9867588788973285,-0.361050281489052,1.0,-0.6532460560217547,1.0,0
6270,1.0,0.0,0.3529411764705882,0.3305084745762712,0.9868314986303708,0.9867588788973285,-0.361050281489052,2.0,-0.0031416327038298153,1.0,0
7740,0.0,0.0,0.7058823529411765,0.7118644067796611,0.9868314986303708,0.9867588788973285,-0.361050281489052,2.0,-0.34789397840272934,1.0,0
3815,0.0,0.0,0.11764705882352944,0.11864406779661019,-0.0911224738051659,-0.0883662896012864,-0.361050281489052,0.0,-0.9487480666208113,0.0,1
8099,0.0,0.0,0.6470588235294118,0.6355932203389831,0.9868314986303708,0.9867588788973285,-0.361050281489052,2.0,-0.062242034823641164,1.0,0
10262,0.0,1.0,0.7647058823529412,0.7796610169491525,0.9868314986303708,0.9867588788973285,-0.361050281489052,2.0,1.7206200957906679,1.0,0
13470,0.0,0.0,0.823529411764706,0.847457627118644,0.9868314986303708,0.9867588788973285,-0.361050281489052,1.0,-0.5744455198620062,1.0,0
11432,0.0,0.0,0.823529411764706,0.8220338983050848,-0.0911224738051659,-0.0883662896012864,-0.361050281489052,2.0,0.26281017683532126,2.0,0
14388,0.0,1.0,0.5882352941176471,0.6101694915254237,-0.0911224738051659,-0.0883662896012864,-0.361050281489052,2.0,0.4598115172346924,1.0,0
14015,0.0,0.0,0.5882352941176471,0.6101694915254237,-0.0911224738051659,-0.0883662896012864,-0.361050281489052,2.0,0.34161071299506973,3.0,0
3847,0.0,0.0,0.23529411764705876,0.22033898305084743,-0.0911224738051659,-0.0883662896012864,-0.361050281489052,0.0,-0.9684482006607484,0.0,1
7832,0.0,1.0,0.17647058823529405,0.1694915254237288,-1.1941785618001068,-1.2113691208958397,-0.361050281489052,2.0,-0.2690934422429809,1.0,0
3873,0.0,0.0,0.7058823529411765,0.7118644067796611,-0.0911224738051659,-0.0883662896012864,-0.361050281489052,0.0,-0.9684482006607484,0.0,1
7160,1.0,0.0,0.47058823529411764,0.48305084745762716,0.9868314986303708,0.9867588788973285,-0.361050281489052,2.0,-0.40699438052254067,1.0,0
3100,0.0,0.0,0.11764705882352944,0.11864406779661019,-1.7041713906771967,-1.2113691208958397,-0.361050281489052,0.0,-1.0866490049003712,0.0,1
16736,0.0,1.0,0.05882352941176472,0.0423728813559322,-1.1941785618001068,-1.2113691208958397,-0.361050281489052,2.0,0.8144139299535604,1.0,0
15078,0.0,0.0,0.05882352941176472,0.0423728813559322,0.9868314986303708,0.9867588788973285,-0.361050281489052,1.0,-0.4759448496623206,1.0,0
14151,0.0,1.0,0.5882352941176471,0.6101694915254237,-0.0911224738051659,-0.0883662896012864,-0.361050281489052,2.0,0.8735143320733718,1.0,0
12537,0.0,0.0,0.23529411764705876,0.22033898305084743,0.9868314986303708,0.9867588788973285,-0.361050281489052,2.0,-0.29864364330288656,1.0,0
13292,0.0,1.0,0.9999999999999999,1.0,0.9868314986303708,0.9867588788973285,-0.361050281489052,2.0,1.3069172809519884,2.0,0
13882,0.0,1.0,0.823529411764706,0.847457627118644,0.9868314986303708,0.9867588788973285,-0.361050281489052,2.0,1.9668717712898818,2.0,0
10262,0.0,1.0,0.823529411764706,0.7966101694915255,0.9868314986303708,0.9867588788973285,-0.361050281489052,2.0,0.046108702396012974,1.0,0
12524,0.0,0.0,0.9999999999999999,0.9745762711864407,0.9868314986303708,0.9867588788973285,-0.361050281489052,1.0,-0.46609478264235205,1.0,0
2071,0.0,1.0,0.23529411764705876,0.22033898305084743,-1.7041713906771967,-1.2113691208958397,-0.361050281489052,0.0,-1.066948870860434,0.0,1
4423,0.0,0.0,0.5294117647058824,0.5169491525423728,-1.1941785618001068,-1.6968723461103423,3.1222630417542074,0.0,-0.9093477985409372,0.0,1
7229,0.0,1.0,0.7647058823529412,0.7796610169491525,-1.1941785618001068,-1.6968723461103423,-0.35809171854006194,1.0,-0.889647664501,0.0,1
10493,0.0,0.0,0.7647058823529412,0.7372881355932204,0.9868314986303708,0.9867588788973285,-0.361050281489052,2.0,2.765958458284831,3.0,0
8371,0.0,0.0,0.23529411764705876,0.22033898305084743,0.9868314986303708,0.9867588788973285,-0.361050281489052,2.0,0.14460937259569856,1.0,0
8834,0.0,1.0,0.17647058823529405,0.1694915254237288,0.9868314986303708,0.9867588788973285,-0.361050281489052,2.0,1.5531689564512023,2.0,0
3841,0.0,0.0,0.8823529411764705,0.8983050847457628,-0.0911224738051659,-0.0883662896012864,-0.361050281489052,0.0,-0.95859813364078,0.0,1
36983,0.0,0.0,0.0,0.0,0.9868314986303708,0.9867588788973285,-0.361050281489052,1.0,-0.48579491668228914,1.0,0
8016,0.0,1.0,0.9999999999999999,1.0,-1.1941785618001068,-1.6968723461103423,2.3265922358333446,0.0,-0.8994977315209686,0.0,1
11444,0.0,0.0,0.0,0.016949152542372947,-1.1941785618001068,-1.2113691208958397,-0.361050281489052,2.0,0.13475930557573,1.0,0
7711,0.0,0.0,0.3529411764705882,0.3305084745762712,0.9868314986303708,0.9867588788973285,-0.361050281489052,2.0,2.765958458284831,2.0,0
5674,0.0,0.0,0.17647058823529405,0.1694915254237288,0.9868314986303708,0.9867588788973285,3.1222630417542074,0.0,-0.9093477985409372,0.0,1
6991,1.0,0.0,0.7058823529411765,0.7118644067796611,-0.0911224738051659,-0.0883662896012864,-0.361050281489052,1.0,-0.6138457879418804,1.0,0
16736,0.0,1.0,0.05882352941176472,0.0423728813559322,-1.1941785618001068,-1.2113691208958397,-0.361050281489052,2.0,0.5287619863744724,1.0,0
3384,1.0,0.0,0.17647058823529405,0.1694915254237288,-1.7041713906771967,-1.2113691208958397,-0.361050281489052,0.0,-0.9684482006607484,0.0,1
14388,0.0,1.0,0.5882352941176471,0.5593220338983051,-0.0911224738051659,-0.0883662896012864,-0.361050281489052,2.0,0.2037097747155099,1.0,0
6416,1.0,0.0,0.7647058823529412,0.7796610169491525,0.9868314986303708,0.9867588788973285,-0.361050281489052,2.0,0.23325997577541557,1.0,0
6147,1.0,0.0,0.8823529411764705,0.8983050847457628,0.9868314986303708,0.9867588788973285,-0.361050281489052,1.0,-0.6729461900616918,1.0,0
4937,0.0,0.0,0.0,0.016949152542372947,-1.7041713906771967,-1.2113691208958397,-0.361050281489052,0.0,-1.0866490049003712,0.0,1
13469,0.0,1.0,0.823529411764706,0.8220338983050848,-0.0911224738051659,-0.0883662896012864,-0.361050281489052,2.0,0.11505917153579288,1.0,0
10261,0.0,0.0,0.7647058823529412,0.7796610169491525,0.9868314986303708,0.9867588788973285,-0.361050281489052,2.0,-0.0031416327038298153,1.0,0
9100,0.0,0.0,0.23529411764705876,0.22033898305084743,0.9868314986303708,0.9867588788973285,-0.361050281489052,2.0,0.14460937259569856,1.0,0
16914,0.0,1.0,0.05882352941176472,0.06779661016949157,0.9868314986303708,0.9867588788973285,-0.361050281489052,2.0,1.4743684202914538,2.0,0
